{"nm":"Main Scene","ddd":0,"h":260,"w":304,"meta":{"g":"@lottiefiles/creator 1.26.0"},"layers":[{"ty":0,"nm":"Line 1","sr":1,"st":0,"op":208,"ip":0,"hd":false,"ddd":0,"bm":0,"hasMask":false,"ao":0,"ks":{"a":{"a":0,"k":[500.25,499.2949981689453]},"s":{"a":0,"k":[100,100]},"sk":{"a":0,"k":0},"p":{"a":0,"k":[151.5,130.5]},"r":{"a":0,"k":0},"sa":{"a":0,"k":0},"o":{"a":0,"k":100}},"w":1000,"h":1000,"refId":"precomp_newScene_1a5e5b7f-dbf1-4f60-b5c1-3aafea7cb617","ind":1}],"v":"5.7.0","fr":60,"op":198,"ip":0,"assets":[{"nm":"Line  1","id":"precomp_newScene_1a5e5b7f-dbf1-4f60-b5c1-3aafea7cb617","fr":60,"layers":[{"ty":4,"nm":"Shape Layer - SVG 1","sr":1,"st":30,"op":198,"ip":30,"hd":false,"ddd":0,"bm":0,"hasMask":false,"ao":0,"ks":{"a":{"a":0,"k":[151,128]},"s":{"a":0,"k":[100,100]},"sk":{"a":0,"k":0},"p":{"a":0,"k":[499.75,500.16897547245026]},"r":{"a":0,"k":0},"sa":{"a":0,"k":0},"o":{"a":0,"k":100}},"shapes":[{"ty":"gr","bm":0,"hd":false,"nm":"Group 1","it":[{"ty":"sh","bm":0,"hd":false,"nm":"Path 1","d":1,"ks":{"a":0,"k":{"c":false,"i":[[0,0],[-28.908900000000003,-16.5201],[-8.5,-12.500000000000007],[19.19999999999999,9.1999],[-23.5,-6.499999999999993],[-21.5,-39],[-30,-9]],"o":[[18.5,-6.499471],[28,16.0007],[11.5,18],[-24,-11.5],[31.5,8.712700000000012],[26.568000000000012,48.19200000000001],[0,0]],"v":[[2,5.58962],[111,17.0896],[156.5,74.0901],[142,93.0901],[151,66.5897],[222,139.09],[300.5,253.59]]}}},{"ty":"st","bm":0,"hd":false,"nm":"Stroke","lc":2,"lj":1,"ml":4,"o":{"a":0,"k":100},"w":{"a":0,"k":3},"c":{"a":0,"k":[0,0,0]}},{"ty":"tm","bm":0,"hd":false,"nm":"Trim Path","e":{"a":1,"k":[{"o":{"x":0.167,"y":0.167},"i":{"x":0.833,"y":0.833},"s":[0],"t":30},{"s":[100],"t":185}]},"o":{"a":0,"k":0},"s":{"a":0,"k":0},"m":1},{"ty":"tr","a":{"a":0,"k":[151.25,127.83102452754974]},"s":{"a":0,"k":[100,100]},"sk":{"a":0,"k":0},"p":{"a":0,"k":[151.25,127.83102452754974]},"r":{"a":0,"k":0},"sa":{"a":0,"k":0},"o":{"a":0,"k":100}}]}],"ind":1},{"ty":4,"nm":"Shape Layer - SVG 1","sr":1,"st":25,"op":190,"ip":25,"hd":false,"ddd":0,"bm":0,"hasMask":false,"ao":0,"ks":{"a":{"a":0,"k":[151,128]},"s":{"a":0,"k":[100,100]},"sk":{"a":0,"k":0},"p":{"a":0,"k":[499.75,500.16897547245026]},"r":{"a":0,"k":0},"sa":{"a":0,"k":0},"o":{"a":0,"k":100}},"shapes":[{"ty":"gr","bm":0,"hd":false,"nm":"Group 1","it":[{"ty":"sh","bm":0,"hd":false,"nm":"Path 1","d":1,"ks":{"a":0,"k":{"c":false,"i":[[0,0],[-28.908900000000003,-16.5201],[-8.5,-12.500000000000007],[19.19999999999999,9.1999],[-23.5,-6.499999999999993],[-21.5,-39],[-30,-9]],"o":[[18.5,-6.499471],[28,16.0007],[11.5,18],[-24,-11.5],[31.5,8.712700000000012],[26.568000000000012,48.19200000000001],[0,0]],"v":[[2,5.58962],[111,17.0896],[156.5,74.0901],[142,93.0901],[151,66.5897],[222,139.09],[300.5,253.59]]}}},{"ty":"st","bm":0,"hd":false,"nm":"Stroke","lc":2,"lj":1,"ml":4,"o":{"a":0,"k":100},"w":{"a":0,"k":3},"c":{"a":0,"k":[0.1451,0.0275,0.5686]}},{"ty":"tm","bm":0,"hd":false,"nm":"Trim Path","e":{"a":1,"k":[{"o":{"x":0.167,"y":0.167},"i":{"x":0.833,"y":0.833},"s":[0],"t":25},{"s":[100],"t":180}]},"o":{"a":0,"k":0},"s":{"a":0,"k":0},"m":1},{"ty":"tr","a":{"a":0,"k":[151.25,127.83102452754974]},"s":{"a":0,"k":[100,100]},"sk":{"a":0,"k":0},"p":{"a":0,"k":[151.25,127.83102452754974]},"r":{"a":0,"k":0},"sa":{"a":0,"k":0},"o":{"a":0,"k":100}}]}],"ind":2},{"ty":4,"nm":"Shape Layer - SVG 1","sr":1,"st":20,"op":190,"ip":20,"hd":false,"ddd":0,"bm":0,"hasMask":false,"ao":0,"ks":{"a":{"a":0,"k":[151,128]},"s":{"a":0,"k":[100,100]},"sk":{"a":0,"k":0},"p":{"a":0,"k":[499.75,500.16897547245026]},"r":{"a":0,"k":0},"sa":{"a":0,"k":0},"o":{"a":0,"k":100}},"shapes":[{"ty":"gr","bm":0,"hd":false,"nm":"Group 1","it":[{"ty":"sh","bm":0,"hd":false,"nm":"Path 1","d":1,"ks":{"a":0,"k":{"c":false,"i":[[0,0],[-28.908900000000003,-16.5201],[-8.5,-12.500000000000007],[19.19999999999999,9.1999],[-23.5,-6.499999999999993],[-21.5,-39],[-30,-9]],"o":[[18.5,-6.499471],[28,16.0007],[11.5,18],[-24,-11.5],[31.5,8.712700000000012],[26.568000000000012,48.19200000000001],[0,0]],"v":[[2,5.58962],[111,17.0896],[156.5,74.0901],[142,93.0901],[151,66.5897],[222,139.09],[300.5,253.59]]}}},{"ty":"st","bm":0,"hd":false,"nm":"Stroke","lc":2,"lj":1,"ml":4,"o":{"a":0,"k":100},"w":{"a":0,"k":3},"c":{"a":0,"k":[0.2157,0.0471,0.8196]}},{"ty":"tm","bm":0,"hd":false,"nm":"Trim Path","e":{"a":1,"k":[{"o":{"x":0.167,"y":0.167},"i":{"x":0.833,"y":0.833},"s":[0],"t":20},{"s":[100],"t":175}]},"o":{"a":0,"k":0},"s":{"a":0,"k":0},"m":1},{"ty":"tr","a":{"a":0,"k":[151.25,127.83102452754974]},"s":{"a":0,"k":[100,100]},"sk":{"a":0,"k":0},"p":{"a":0,"k":[151.25,127.83102452754974]},"r":{"a":0,"k":0},"sa":{"a":0,"k":0},"o":{"a":0,"k":100}}]}],"ind":3},{"ty":4,"nm":"Shape Layer - SVG 1","sr":1,"st":15,"op":190,"ip":15,"hd":false,"ddd":0,"bm":0,"hasMask":false,"ao":0,"ks":{"a":{"a":0,"k":[151,128]},"s":{"a":0,"k":[100,100]},"sk":{"a":0,"k":0},"p":{"a":0,"k":[499.75,500.16897547245026]},"r":{"a":0,"k":0},"sa":{"a":0,"k":0},"o":{"a":0,"k":100}},"shapes":[{"ty":"gr","bm":0,"hd":false,"nm":"Group 1","it":[{"ty":"sh","bm":0,"hd":false,"nm":"Path 1","d":1,"ks":{"a":0,"k":{"c":false,"i":[[0,0],[-28.908900000000003,-16.5201],[-8.5,-12.500000000000007],[19.19999999999999,9.1999],[-23.5,-6.499999999999993],[-21.5,-39],[-30,-9]],"o":[[18.5,-6.499471],[28,16.0007],[11.5,18],[-24,-11.5],[31.5,8.712700000000012],[26.568000000000012,48.19200000000001],[0,0]],"v":[[2,5.58962],[111,17.0896],[156.5,74.0901],[142,93.0901],[151,66.5897],[222,139.09],[300.5,253.59]]}}},{"ty":"st","bm":0,"hd":false,"nm":"Stroke","lc":2,"lj":1,"ml":4,"o":{"a":0,"k":100},"w":{"a":0,"k":3},"c":{"a":0,"k":[0.3647,0.2039,0.9373]}},{"ty":"tm","bm":0,"hd":false,"nm":"Trim Path","e":{"a":1,"k":[{"o":{"x":0.167,"y":0.167},"i":{"x":0.833,"y":0.833},"s":[0],"t":15},{"s":[100],"t":170}]},"o":{"a":0,"k":0},"s":{"a":0,"k":0},"m":1},{"ty":"tr","a":{"a":0,"k":[151.25,127.83102452754974]},"s":{"a":0,"k":[100,100]},"sk":{"a":0,"k":0},"p":{"a":0,"k":[151.25,127.83102452754974]},"r":{"a":0,"k":0},"sa":{"a":0,"k":0},"o":{"a":0,"k":100}}]}],"ind":4},{"ty":4,"nm":"Shape Layer - SVG 1","sr":1,"st":10,"op":190,"ip":10,"hd":false,"ddd":0,"bm":0,"hasMask":false,"ao":0,"ks":{"a":{"a":0,"k":[151,128]},"s":{"a":0,"k":[100,100]},"sk":{"a":0,"k":0},"p":{"a":0,"k":[499.75,500.16897547245026]},"r":{"a":0,"k":0},"sa":{"a":0,"k":0},"o":{"a":0,"k":100}},"shapes":[{"ty":"gr","bm":0,"hd":false,"nm":"Group 1","it":[{"ty":"sh","bm":0,"hd":false,"nm":"Path 1","d":1,"ks":{"a":0,"k":{"c":false,"i":[[0,0],[-28.908900000000003,-16.5201],[-8.5,-12.500000000000007],[19.19999999999999,9.1999],[-23.5,-6.499999999999993],[-21.5,-39],[-30,-9]],"o":[[18.5,-6.499471],[28,16.0007],[11.5,18],[-24,-11.5],[31.5,8.712700000000012],[26.568000000000012,48.19200000000001],[0,0]],"v":[[2,5.58962],[111,17.0896],[156.5,74.0901],[142,93.0901],[151,66.5897],[222,139.09],[300.5,253.59]]}}},{"ty":"st","bm":0,"hd":false,"nm":"Stroke","lc":2,"lj":1,"ml":4,"o":{"a":0,"k":100},"w":{"a":0,"k":3},"c":{"a":0,"k":[0.5922,0.502,0.9294]}},{"ty":"tm","bm":0,"hd":false,"nm":"Trim Path","e":{"a":1,"k":[{"o":{"x":0.167,"y":0.167},"i":{"x":0.833,"y":0.833},"s":[0],"t":10},{"s":[100],"t":165}]},"o":{"a":0,"k":0},"s":{"a":0,"k":0},"m":1},{"ty":"tr","a":{"a":0,"k":[151.25,127.83102452754974]},"s":{"a":0,"k":[100,100]},"sk":{"a":0,"k":0},"p":{"a":0,"k":[151.25,127.83102452754974]},"r":{"a":0,"k":0},"sa":{"a":0,"k":0},"o":{"a":0,"k":100}}]}],"ind":5},{"ty":4,"nm":"Shape Layer - SVG 1","sr":1,"st":5,"op":190,"ip":5,"hd":false,"ddd":0,"bm":0,"hasMask":false,"ao":0,"ks":{"a":{"a":0,"k":[151,128]},"s":{"a":0,"k":[100,100]},"sk":{"a":0,"k":0},"p":{"a":0,"k":[499.75,500.16897547245026]},"r":{"a":0,"k":0},"sa":{"a":0,"k":0},"o":{"a":0,"k":100}},"shapes":[{"ty":"gr","bm":0,"hd":false,"nm":"Group 1","it":[{"ty":"sh","bm":0,"hd":false,"nm":"Path 1","d":1,"ks":{"a":0,"k":{"c":false,"i":[[0,0],[-28.908900000000003,-16.5201],[-8.5,-12.500000000000007],[19.19999999999999,9.1999],[-23.5,-6.499999999999993],[-21.5,-39],[-30,-9]],"o":[[18.5,-6.499471],[28,16.0007],[11.5,18],[-24,-11.5],[31.5,8.712700000000012],[26.568000000000012,48.19200000000001],[0,0]],"v":[[2,5.58962],[111,17.0896],[156.5,74.0901],[142,93.0901],[151,66.5897],[222,139.09],[300.5,253.59]]}}},{"ty":"st","bm":0,"hd":false,"nm":"Stroke","lc":2,"lj":1,"ml":4,"o":{"a":0,"k":100},"w":{"a":0,"k":3},"c":{"a":0,"k":[0.7255,0.6667,0.9294]}},{"ty":"tm","bm":0,"hd":false,"nm":"Trim Path","e":{"a":1,"k":[{"o":{"x":0.167,"y":0.167},"i":{"x":0.833,"y":0.833},"s":[0],"t":5},{"s":[100],"t":160}]},"o":{"a":0,"k":0},"s":{"a":0,"k":0},"m":1},{"ty":"tr","a":{"a":0,"k":[151.25,127.83102452754974]},"s":{"a":0,"k":[100,100]},"sk":{"a":0,"k":0},"p":{"a":0,"k":[151.25,127.83102452754974]},"r":{"a":0,"k":0},"sa":{"a":0,"k":0},"o":{"a":0,"k":100}}]}],"ind":6},{"ty":4,"nm":"Shape Layer - SVG","sr":1,"st":0,"op":190,"ip":0,"hd":false,"ddd":0,"bm":0,"hasMask":false,"ao":0,"ks":{"a":{"a":0,"k":[151,128]},"s":{"a":0,"k":[100,100]},"sk":{"a":0,"k":0},"p":{"a":0,"k":[499.75,500.16897547245026]},"r":{"a":0,"k":0},"sa":{"a":0,"k":0},"o":{"a":0,"k":100}},"shapes":[{"ty":"gr","bm":0,"hd":false,"nm":"Group 1","it":[{"ty":"sh","bm":0,"hd":false,"nm":"Path 1","d":1,"ks":{"a":0,"k":{"c":false,"i":[[0,0],[-28.908900000000003,-16.5201],[-8.5,-12.500000000000007],[19.19999999999999,9.1999],[-23.5,-6.499999999999993],[-21.5,-39],[-30,-9]],"o":[[18.5,-6.499471],[28,16.0007],[11.5,18],[-24,-11.5],[31.5,8.712700000000012],[26.568000000000012,48.19200000000001],[0,0]],"v":[[2,5.58962],[111,17.0896],[156.5,74.0901],[142,93.0901],[151,66.5897],[222,139.09],[300.5,253.59]]}}},{"ty":"st","bm":0,"hd":false,"nm":"Stroke","lc":2,"lj":1,"ml":4,"o":{"a":0,"k":100},"w":{"a":0,"k":1},"c":{"a":0,"k":[0.8667,0.8667,0.8667]}},{"ty":"tm","bm":0,"hd":false,"nm":"Trim Path","e":{"a":1,"k":[{"o":{"x":0.167,"y":0.167},"i":{"x":0.833,"y":0.833},"s":[0],"t":0},{"s":[100],"t":154}]},"o":{"a":0,"k":0},"s":{"a":0,"k":0},"m":1},{"ty":"tr","a":{"a":0,"k":[151.25,127.83102452754974]},"s":{"a":0,"k":[100,100]},"sk":{"a":0,"k":0},"p":{"a":0,"k":[151.25,127.83102452754974]},"r":{"a":0,"k":0},"sa":{"a":0,"k":0},"o":{"a":0,"k":100}}]}],"ind":7}]}],"markers":[{"cm":"Main","tm":0,"dr":181}]}