{"nm":"Main Scene","ddd":0,"h":140,"w":374,"meta":{"g":"@lottiefiles/creator 1.28.0"},"layers":[{"ty":0,"nm":"Line 3","sr":1,"st":0,"op":300,"ip":0,"hd":false,"ddd":0,"bm":0,"hasMask":false,"ao":0,"ks":{"a":{"a":0,"k":[500,500]},"s":{"a":0,"k":[100,100]},"sk":{"a":0,"k":0},"p":{"a":0,"k":[187,70]},"r":{"a":0,"k":0},"sa":{"a":0,"k":0},"o":{"a":0,"k":100}},"w":1000,"h":1000,"refId":"precomp_newScene_8fd06a37-3b2a-4f2b-920e-4bda40fd113d","ind":1}],"v":"5.7.0","fr":60,"op":198,"ip":0,"assets":[{"nm":"Line 3","id":"precomp_newScene_8fd06a37-3b2a-4f2b-920e-4bda40fd113d","fr":60,"layers":[{"ty":4,"nm":"Shape Layer - SVG 6","sr":1,"st":30,"op":198,"ip":30,"hd":false,"ddd":0,"bm":0,"hasMask":false,"ao":0,"ks":{"a":{"a":0,"k":[187,69.5]},"s":{"a":0,"k":[100,100]},"sk":{"a":0,"k":0},"p":{"a":0,"k":[500,499.7614974975586]},"r":{"a":0,"k":0},"sa":{"a":0,"k":0},"o":{"a":0,"k":100}},"shapes":[{"ty":"gr","bm":0,"hd":false,"nm":"Group 1","it":[{"ty":"sh","bm":0,"hd":false,"nm":"Path 1","d":1,"ks":{"a":0,"k":{"c":false,"i":[[0,0],[44.21200000000002,0],[-52.803,0],[31.456999999999994,23.778000000000006],[46.86699999999999,-0.00009999999999998899],[43.336,0],[20.5,-1]],"o":[[-61.41699999999997,-6.906599999999997],[-31.456999999999994,0],[25.465000000000003,0],[-45.43800000000002,-29.3365],[-24.466999999999985,0.00004999999999988347],[-26,0],[0,0]],"v":[[372,99.972],[234.033,93.0654],[220.706,137.477],[243.175,99.972],[153.297,2],[74.5,18.4766],[2,9.47656]]}}},{"ty":"st","bm":0,"hd":false,"nm":"Stroke","lc":2,"lj":1,"ml":4,"o":{"a":0,"k":100},"w":{"a":0,"k":3},"c":{"a":0,"k":[0,0,0]}},{"ty":"tm","bm":0,"hd":false,"nm":"Trim Path","e":{"a":1,"k":[{"o":{"x":0.167,"y":0.167},"i":{"x":0.833,"y":0.833},"s":[100],"t":30},{"s":[0],"t":185}]},"o":{"a":0,"k":0},"s":{"a":0,"k":100},"m":1},{"ty":"tr","a":{"a":0,"k":[0,0]},"s":{"a":0,"k":[100,100]},"sk":{"a":0,"k":0},"p":{"a":0,"k":[0,0]},"r":{"a":0,"k":0},"sa":{"a":0,"k":0},"o":{"a":0,"k":100}}]}],"ind":1},{"ty":4,"nm":"Shape Layer - SVG 5","sr":1,"st":25,"op":190,"ip":25,"hd":false,"ddd":0,"bm":0,"hasMask":false,"ao":0,"ks":{"a":{"a":0,"k":[187,69.5]},"s":{"a":0,"k":[100,100]},"sk":{"a":0,"k":0},"p":{"a":0,"k":[500,499.7614974975586]},"r":{"a":0,"k":0},"sa":{"a":0,"k":0},"o":{"a":0,"k":100}},"shapes":[{"ty":"gr","bm":0,"hd":false,"nm":"Group 1","it":[{"ty":"sh","bm":0,"hd":false,"nm":"Path 1","d":1,"ks":{"a":0,"k":{"c":false,"i":[[0,0],[44.21200000000002,0],[-52.803,0],[31.456999999999994,23.778000000000006],[46.86699999999999,-0.00009999999999998899],[43.336,0],[20.5,-1]],"o":[[-61.41699999999997,-6.906599999999997],[-31.456999999999994,0],[25.465000000000003,0],[-45.43800000000002,-29.3365],[-24.466999999999985,0.00004999999999988347],[-26,0],[0,0]],"v":[[372,99.972],[234.033,93.0654],[220.706,137.477],[243.175,99.972],[153.297,2],[74.5,18.4766],[2,9.47656]]}}},{"ty":"st","bm":0,"hd":false,"nm":"Stroke","lc":2,"lj":1,"ml":4,"o":{"a":0,"k":100},"w":{"a":0,"k":3},"c":{"a":0,"k":[0.1451,0.0275,0.5686]}},{"ty":"tm","bm":0,"hd":false,"nm":"Trim Path","e":{"a":1,"k":[{"o":{"x":0.167,"y":0.167},"i":{"x":0.833,"y":0.833},"s":[100],"t":25},{"o":{"x":0.167,"y":0.167},"i":{"x":0.833,"y":0.833},"s":[0],"t":180},{"s":[100],"t":180.05277777777778}]},"o":{"a":0,"k":0},"s":{"a":0,"k":100},"m":1},{"ty":"tr","a":{"a":0,"k":[0,0]},"s":{"a":0,"k":[100,100]},"sk":{"a":0,"k":0},"p":{"a":0,"k":[0,0]},"r":{"a":0,"k":0},"sa":{"a":0,"k":0},"o":{"a":0,"k":100}}]}],"ind":2},{"ty":4,"nm":"Shape Layer - SVG 4","sr":1,"st":20,"op":190,"ip":20,"hd":false,"ddd":0,"bm":0,"hasMask":false,"ao":0,"ks":{"a":{"a":0,"k":[187,69.5]},"s":{"a":0,"k":[100,100]},"sk":{"a":0,"k":0},"p":{"a":0,"k":[500,499.7614974975586]},"r":{"a":0,"k":0},"sa":{"a":0,"k":0},"o":{"a":0,"k":100}},"shapes":[{"ty":"gr","bm":0,"hd":false,"nm":"Group 1","it":[{"ty":"sh","bm":0,"hd":false,"nm":"Path 1","d":1,"ks":{"a":0,"k":{"c":false,"i":[[0,0],[44.21200000000002,0],[-52.803,0],[31.456999999999994,23.778000000000006],[46.86699999999999,-0.00009999999999998899],[43.336,0],[20.5,-1]],"o":[[-61.41699999999997,-6.906599999999997],[-31.456999999999994,0],[25.465000000000003,0],[-45.43800000000002,-29.3365],[-24.466999999999985,0.00004999999999988347],[-26,0],[0,0]],"v":[[372,99.972],[234.033,93.0654],[220.706,137.477],[243.175,99.972],[153.297,2],[74.5,18.4766],[2,9.47656]]}}},{"ty":"st","bm":0,"hd":false,"nm":"Stroke","lc":2,"lj":1,"ml":4,"o":{"a":0,"k":100},"w":{"a":0,"k":3},"c":{"a":0,"k":[0.2157,0.0471,0.8196]}},{"ty":"tm","bm":0,"hd":false,"nm":"Trim Path","e":{"a":1,"k":[{"o":{"x":0.167,"y":0.167},"i":{"x":0.833,"y":0.833},"s":[100],"t":20},{"s":[0],"t":175}]},"o":{"a":0,"k":0},"s":{"a":0,"k":100},"m":1},{"ty":"tr","a":{"a":0,"k":[0,0]},"s":{"a":0,"k":[100,100]},"sk":{"a":0,"k":0},"p":{"a":0,"k":[0,0]},"r":{"a":0,"k":0},"sa":{"a":0,"k":0},"o":{"a":0,"k":100}}]}],"ind":3},{"ty":4,"nm":"Shape Layer - SVG 3","sr":1,"st":15,"op":190,"ip":15,"hd":false,"ddd":0,"bm":0,"hasMask":false,"ao":0,"ks":{"a":{"a":0,"k":[187,69.5]},"s":{"a":0,"k":[100,100]},"sk":{"a":0,"k":0},"p":{"a":0,"k":[500,499.7614974975586]},"r":{"a":0,"k":0},"sa":{"a":0,"k":0},"o":{"a":0,"k":100}},"shapes":[{"ty":"gr","bm":0,"hd":false,"nm":"Group 1","it":[{"ty":"sh","bm":0,"hd":false,"nm":"Path 1","d":1,"ks":{"a":0,"k":{"c":false,"i":[[0,0],[44.21200000000002,0],[-52.803,0],[31.456999999999994,23.778000000000006],[46.86699999999999,-0.00009999999999998899],[43.336,0],[20.5,-1]],"o":[[-61.41699999999997,-6.906599999999997],[-31.456999999999994,0],[25.465000000000003,0],[-45.43800000000002,-29.3365],[-24.466999999999985,0.00004999999999988347],[-26,0],[0,0]],"v":[[372,99.972],[234.033,93.0654],[220.706,137.477],[243.175,99.972],[153.297,2],[74.5,18.4766],[2,9.47656]]}}},{"ty":"st","bm":0,"hd":false,"nm":"Stroke","lc":2,"lj":1,"ml":4,"o":{"a":0,"k":100},"w":{"a":0,"k":3},"c":{"a":0,"k":[0.3647,0.2039,0.9373]}},{"ty":"tm","bm":0,"hd":false,"nm":"Trim Path","e":{"a":1,"k":[{"o":{"x":0.167,"y":0.167},"i":{"x":0.833,"y":0.833},"s":[100],"t":15},{"s":[0],"t":170}]},"o":{"a":0,"k":0},"s":{"a":0,"k":100},"m":1},{"ty":"tr","a":{"a":0,"k":[0,0]},"s":{"a":0,"k":[100,100]},"sk":{"a":0,"k":0},"p":{"a":0,"k":[0,0]},"r":{"a":0,"k":0},"sa":{"a":0,"k":0},"o":{"a":0,"k":100}}]}],"ind":4},{"ty":4,"nm":"Shape Layer - SVG 2","sr":1,"st":10,"op":190,"ip":10,"hd":false,"ddd":0,"bm":0,"hasMask":false,"ao":0,"ks":{"a":{"a":0,"k":[187,69.5]},"s":{"a":0,"k":[100,100]},"sk":{"a":0,"k":0},"p":{"a":0,"k":[500,499.7614974975586]},"r":{"a":0,"k":0},"sa":{"a":0,"k":0},"o":{"a":0,"k":100}},"shapes":[{"ty":"gr","bm":0,"hd":false,"nm":"Group 1","it":[{"ty":"sh","bm":0,"hd":false,"nm":"Path 1","d":1,"ks":{"a":0,"k":{"c":false,"i":[[0,0],[44.21200000000002,0],[-52.803,0],[31.456999999999994,23.778000000000006],[46.86699999999999,-0.00009999999999998899],[43.336,0],[20.5,-1]],"o":[[-61.41699999999997,-6.906599999999997],[-31.456999999999994,0],[25.465000000000003,0],[-45.43800000000002,-29.3365],[-24.466999999999985,0.00004999999999988347],[-26,0],[0,0]],"v":[[372,99.972],[234.033,93.0654],[220.706,137.477],[243.175,99.972],[153.297,2],[74.5,18.4766],[2,9.47656]]}}},{"ty":"st","bm":0,"hd":false,"nm":"Stroke","lc":2,"lj":1,"ml":4,"o":{"a":0,"k":100},"w":{"a":0,"k":3},"c":{"a":0,"k":[0.5922,0.502,0.9294]}},{"ty":"tm","bm":0,"hd":false,"nm":"Trim Path","e":{"a":1,"k":[{"o":{"x":0.167,"y":0.167},"i":{"x":0.833,"y":0.833},"s":[100],"t":10},{"s":[0],"t":165}]},"o":{"a":0,"k":0},"s":{"a":0,"k":100},"m":1},{"ty":"tr","a":{"a":0,"k":[187,69.7385025024414]},"s":{"a":0,"k":[100,100]},"sk":{"a":0,"k":0},"p":{"a":0,"k":[187,69.7385025024414]},"r":{"a":0,"k":0},"sa":{"a":0,"k":0},"o":{"a":0,"k":100}}]}],"ind":5},{"ty":4,"nm":"Shape Layer - SVG 1","sr":1,"st":5,"op":190,"ip":5,"hd":false,"ddd":0,"bm":0,"hasMask":false,"ao":0,"ks":{"a":{"a":0,"k":[187,69.5]},"s":{"a":0,"k":[100,100]},"sk":{"a":0,"k":0},"p":{"a":0,"k":[500,499.7614974975586]},"r":{"a":0,"k":0},"sa":{"a":0,"k":0},"o":{"a":0,"k":100}},"shapes":[{"ty":"gr","bm":0,"hd":false,"nm":"Group 1","it":[{"ty":"sh","bm":0,"hd":false,"nm":"Path 1","d":1,"ks":{"a":0,"k":{"c":false,"i":[[0,0],[44.21200000000002,0],[-52.803,0],[31.456999999999994,23.778000000000006],[46.86699999999999,-0.00009999999999998899],[43.336,0],[20.5,-1]],"o":[[-61.41699999999997,-6.906599999999997],[-31.456999999999994,0],[25.465000000000003,0],[-45.43800000000002,-29.3365],[-24.466999999999985,0.00004999999999988347],[-26,0],[0,0]],"v":[[372,99.972],[234.033,93.0654],[220.706,137.477],[243.175,99.972],[153.297,2],[74.5,18.4766],[2,9.47656]]}}},{"ty":"st","bm":0,"hd":false,"nm":"Stroke","lc":2,"lj":1,"ml":4,"o":{"a":0,"k":100},"w":{"a":0,"k":3},"c":{"a":0,"k":[0.7255,0.6667,0.9294]}},{"ty":"tm","bm":0,"hd":false,"nm":"Trim Path","e":{"a":1,"k":[{"o":{"x":0.167,"y":0.167},"i":{"x":0.833,"y":0.833},"s":[100],"t":5},{"s":[0],"t":160}]},"o":{"a":0,"k":0},"s":{"a":0,"k":100},"m":1},{"ty":"tr","a":{"a":0,"k":[0,0]},"s":{"a":0,"k":[100,100]},"sk":{"a":0,"k":0},"p":{"a":0,"k":[0,0]},"r":{"a":0,"k":0},"sa":{"a":0,"k":0},"o":{"a":0,"k":100}}]}],"ind":6},{"ty":4,"nm":"Shape Layer - SVG","sr":1,"st":0,"op":190,"ip":0,"hd":false,"ddd":0,"bm":0,"hasMask":false,"ao":0,"ks":{"a":{"a":0,"k":[187,69.5]},"s":{"a":0,"k":[100,100]},"sk":{"a":0,"k":0},"p":{"a":0,"k":[500,499.7614974975586]},"r":{"a":0,"k":0},"sa":{"a":0,"k":0},"o":{"a":0,"k":100}},"shapes":[{"ty":"gr","bm":0,"hd":false,"nm":"Group 1","it":[{"ty":"sh","bm":0,"hd":false,"nm":"Path 1","d":1,"ks":{"a":0,"k":{"c":false,"i":[[0,0],[44.21200000000002,0],[-52.803,0],[31.456999999999994,23.778000000000006],[46.86699999999999,-0.00009999999999998899],[43.336,0],[20.5,-1]],"o":[[-61.41699999999997,-6.906599999999997],[-31.456999999999994,0],[25.465000000000003,0],[-45.43800000000002,-29.3365],[-24.466999999999985,0.00004999999999988347],[-26,0],[0,0]],"v":[[372,99.972],[234.033,93.0654],[220.706,137.477],[243.175,99.972],[153.297,2],[74.5,18.4766],[2,9.47656]]}}},{"ty":"st","bm":0,"hd":false,"nm":"Stroke","lc":2,"lj":1,"ml":4,"o":{"a":0,"k":100},"w":{"a":0,"k":1},"c":{"a":0,"k":[0.8667,0.8667,0.8667]}},{"ty":"tm","bm":0,"hd":false,"nm":"Trim Path","e":{"a":1,"k":[{"o":{"x":0.167,"y":0.167},"i":{"x":0.833,"y":0.833},"s":[100],"t":0},{"s":[0],"t":155}]},"o":{"a":0,"k":0},"s":{"a":0,"k":100},"m":1},{"ty":"tr","a":{"a":0,"k":[0,0]},"s":{"a":0,"k":[100,100]},"sk":{"a":0,"k":0},"p":{"a":0,"k":[0,0]},"r":{"a":0,"k":0},"sa":{"a":0,"k":0},"o":{"a":0,"k":100}}]}],"ind":7}]}]}