{"nm":"Main Scene","ddd":0,"h":296,"w":413,"meta":{"g":"@lottiefiles/creator 1.28.0"},"layers":[{"ty":0,"nm":"Line 5","sr":1,"st":0,"op":300,"ip":0,"hd":false,"ddd":0,"bm":0,"hasMask":false,"ao":0,"ks":{"a":{"a":0,"k":[499,498.8719977736473]},"s":{"a":0,"k":[100,100]},"sk":{"a":0,"k":0},"p":{"a":0,"k":[206.5,148]},"r":{"a":0,"k":0},"sa":{"a":0,"k":0},"o":{"a":0,"k":100}},"w":1000,"h":1000,"refId":"precomp_newScene_8aaafd59-f053-487c-a524-35bcffc09aa5","ind":1}],"v":"5.7.0","fr":60,"op":198,"ip":0,"assets":[{"nm":"Line 5","id":"precomp_newScene_8aaafd59-f053-487c-a524-35bcffc09aa5","fr":60,"layers":[{"ty":4,"nm":"Shape Layer - SVG 1","sr":1,"st":30,"op":198,"ip":30,"hd":false,"ddd":0,"bm":0,"hasMask":false,"ao":0,"ks":{"a":{"a":0,"k":[205.5,146.5]},"s":{"a":0,"k":[100,100]},"sk":{"a":0,"k":0},"p":{"a":0,"k":[500,499.8719977736473]},"r":{"a":0,"k":0},"sa":{"a":0,"k":0},"o":{"a":0,"k":100}},"shapes":[{"ty":"gr","bm":0,"hd":false,"nm":"Group 1","it":[{"ty":"sh","bm":0,"hd":false,"nm":"Path 1","d":1,"ks":{"a":0,"k":{"c":false,"i":[[0,0],[10.942999999999984,47.57],[-82.167,-30.997700000000002],[-156.341,-44.06299999999999]],"o":[[57.9232,-34.550200000000004],[-6.680000000000007,-29.0403],[126.09900000000002,47.5705],[0,0]],"v":[[2,12.5947],[220.365,12.5929],[204.987,51.1505],[409,291]]}}},{"ty":"st","bm":0,"hd":false,"nm":"Stroke","lc":2,"lj":1,"ml":4,"o":{"a":0,"k":100},"w":{"a":0,"k":3},"c":{"a":0,"k":[0,0,0]}},{"ty":"tm","bm":0,"hd":false,"nm":"Trim Path","e":{"a":1,"k":[{"o":{"x":0.167,"y":0.167},"i":{"x":0.833,"y":0.833},"s":[0],"t":30},{"s":[100],"t":185}]},"o":{"a":0,"k":0},"s":{"a":0,"k":0},"m":1},{"ty":"tr","a":{"a":0,"k":[205.5,146.6280022263527]},"s":{"a":0,"k":[100,100]},"sk":{"a":0,"k":0},"p":{"a":0,"k":[205.5,146.6280022263527]},"r":{"a":0,"k":0},"sa":{"a":0,"k":0},"o":{"a":0,"k":100}}]}],"ind":1},{"ty":4,"nm":"Shape Layer - SVG 1","sr":1,"st":25,"op":190,"ip":25,"hd":false,"ddd":0,"bm":0,"hasMask":false,"ao":0,"ks":{"a":{"a":0,"k":[205.5,146.5]},"s":{"a":0,"k":[100,100]},"sk":{"a":0,"k":0},"p":{"a":0,"k":[500,499.8719977736473]},"r":{"a":0,"k":0},"sa":{"a":0,"k":0},"o":{"a":0,"k":100}},"shapes":[{"ty":"gr","bm":0,"hd":false,"nm":"Group 1","it":[{"ty":"sh","bm":0,"hd":false,"nm":"Path 1","d":1,"ks":{"a":0,"k":{"c":false,"i":[[0,0],[10.942999999999984,47.57],[-82.167,-30.997700000000002],[-156.341,-44.06299999999999]],"o":[[57.9232,-34.550200000000004],[-6.680000000000007,-29.0403],[126.09900000000002,47.5705],[0,0]],"v":[[2,12.5947],[220.365,12.5929],[204.987,51.1505],[409,291]]}}},{"ty":"st","bm":0,"hd":false,"nm":"Stroke","lc":2,"lj":1,"ml":4,"o":{"a":0,"k":100},"w":{"a":0,"k":3},"c":{"a":0,"k":[0.1451,0.0275,0.5686]}},{"ty":"tm","bm":0,"hd":false,"nm":"Trim Path","e":{"a":1,"k":[{"o":{"x":0.167,"y":0.167},"i":{"x":0.833,"y":0.833},"s":[0],"t":25},{"s":[100],"t":180}]},"o":{"a":0,"k":0},"s":{"a":0,"k":0},"m":1},{"ty":"tr","a":{"a":0,"k":[205.5,146.6280022263527]},"s":{"a":0,"k":[100,100]},"sk":{"a":0,"k":0},"p":{"a":0,"k":[205.5,146.6280022263527]},"r":{"a":0,"k":0},"sa":{"a":0,"k":0},"o":{"a":0,"k":100}}]}],"ind":2},{"ty":4,"nm":"Shape Layer - SVG 1","sr":1,"st":20,"op":190,"ip":20,"hd":false,"ddd":0,"bm":0,"hasMask":false,"ao":0,"ks":{"a":{"a":0,"k":[205.5,146.5]},"s":{"a":0,"k":[100,100]},"sk":{"a":0,"k":0},"p":{"a":0,"k":[500,499.8719977736473]},"r":{"a":0,"k":0},"sa":{"a":0,"k":0},"o":{"a":0,"k":100}},"shapes":[{"ty":"gr","bm":0,"hd":false,"nm":"Group 1","it":[{"ty":"sh","bm":0,"hd":false,"nm":"Path 1","d":1,"ks":{"a":0,"k":{"c":false,"i":[[0,0],[10.942999999999984,47.57],[-82.167,-30.997700000000002],[-156.341,-44.06299999999999]],"o":[[57.9232,-34.550200000000004],[-6.680000000000007,-29.0403],[126.09900000000002,47.5705],[0,0]],"v":[[2,12.5947],[220.365,12.5929],[204.987,51.1505],[409,291]]}}},{"ty":"st","bm":0,"hd":false,"nm":"Stroke","lc":2,"lj":1,"ml":4,"o":{"a":0,"k":100},"w":{"a":0,"k":3},"c":{"a":0,"k":[0.2157,0.0471,0.8196]}},{"ty":"tm","bm":0,"hd":false,"nm":"Trim Path","e":{"a":1,"k":[{"o":{"x":0.167,"y":0.167},"i":{"x":0.833,"y":0.833},"s":[0],"t":20},{"s":[100],"t":175}]},"o":{"a":0,"k":0},"s":{"a":0,"k":0},"m":1},{"ty":"tr","a":{"a":0,"k":[205.5,146.6280022263527]},"s":{"a":0,"k":[100,100]},"sk":{"a":0,"k":0},"p":{"a":0,"k":[205.5,146.6280022263527]},"r":{"a":0,"k":0},"sa":{"a":0,"k":0},"o":{"a":0,"k":100}}]}],"ind":3},{"ty":4,"nm":"Shape Layer - SVG 1","sr":1,"st":15,"op":190,"ip":15,"hd":false,"ddd":0,"bm":0,"hasMask":false,"ao":0,"ks":{"a":{"a":0,"k":[205.5,146.5]},"s":{"a":0,"k":[100,100]},"sk":{"a":0,"k":0},"p":{"a":0,"k":[500,499.8719977736473]},"r":{"a":0,"k":0},"sa":{"a":0,"k":0},"o":{"a":0,"k":100}},"shapes":[{"ty":"gr","bm":0,"hd":false,"nm":"Group 1","it":[{"ty":"sh","bm":0,"hd":false,"nm":"Path 1","d":1,"ks":{"a":0,"k":{"c":false,"i":[[0,0],[10.942999999999984,47.57],[-82.167,-30.997700000000002],[-156.341,-44.06299999999999]],"o":[[57.9232,-34.550200000000004],[-6.680000000000007,-29.0403],[126.09900000000002,47.5705],[0,0]],"v":[[2,12.5947],[220.365,12.5929],[204.987,51.1505],[409,291]]}}},{"ty":"st","bm":0,"hd":false,"nm":"Stroke","lc":2,"lj":1,"ml":4,"o":{"a":0,"k":100},"w":{"a":0,"k":3},"c":{"a":0,"k":[0.3647,0.2039,0.9373]}},{"ty":"tm","bm":0,"hd":false,"nm":"Trim Path","e":{"a":1,"k":[{"o":{"x":0.167,"y":0.167},"i":{"x":0.833,"y":0.833},"s":[0],"t":15},{"s":[100],"t":170}]},"o":{"a":0,"k":0},"s":{"a":0,"k":0},"m":1},{"ty":"tr","a":{"a":0,"k":[205.5,146.6280022263527]},"s":{"a":0,"k":[100,100]},"sk":{"a":0,"k":0},"p":{"a":0,"k":[205.5,146.6280022263527]},"r":{"a":0,"k":0},"sa":{"a":0,"k":0},"o":{"a":0,"k":100}}]}],"ind":4},{"ty":4,"nm":"Shape Layer - SVG 1","sr":1,"st":10,"op":190,"ip":10,"hd":false,"ddd":0,"bm":0,"hasMask":false,"ao":0,"ks":{"a":{"a":0,"k":[205.5,146.5]},"s":{"a":0,"k":[100,100]},"sk":{"a":0,"k":0},"p":{"a":0,"k":[500,499.8719977736473]},"r":{"a":0,"k":0},"sa":{"a":0,"k":0},"o":{"a":0,"k":100}},"shapes":[{"ty":"gr","bm":0,"hd":false,"nm":"Group 1","it":[{"ty":"sh","bm":0,"hd":false,"nm":"Path 1","d":1,"ks":{"a":0,"k":{"c":false,"i":[[0,0],[10.942999999999984,47.57],[-82.167,-30.997700000000002],[-156.341,-44.06299999999999]],"o":[[57.9232,-34.550200000000004],[-6.680000000000007,-29.0403],[126.09900000000002,47.5705],[0,0]],"v":[[2,12.5947],[220.365,12.5929],[204.987,51.1505],[409,291]]}}},{"ty":"st","bm":0,"hd":false,"nm":"Stroke","lc":2,"lj":1,"ml":4,"o":{"a":0,"k":100},"w":{"a":0,"k":3},"c":{"a":0,"k":[0.5922,0.502,0.9294]}},{"ty":"tm","bm":0,"hd":false,"nm":"Trim Path","e":{"a":1,"k":[{"o":{"x":0.167,"y":0.167},"i":{"x":0.833,"y":0.833},"s":[0],"t":10},{"s":[100],"t":165}]},"o":{"a":0,"k":0},"s":{"a":0,"k":0},"m":1},{"ty":"tr","a":{"a":0,"k":[205.5,146.6280022263527]},"s":{"a":0,"k":[100,100]},"sk":{"a":0,"k":0},"p":{"a":0,"k":[205.5,146.6280022263527]},"r":{"a":0,"k":0},"sa":{"a":0,"k":0},"o":{"a":0,"k":100}}]}],"ind":5},{"ty":4,"nm":"Shape Layer - SVG 1","sr":1,"st":5,"op":190,"ip":5,"hd":false,"ddd":0,"bm":0,"hasMask":false,"ao":0,"ks":{"a":{"a":0,"k":[205.5,146.5]},"s":{"a":0,"k":[100,100]},"sk":{"a":0,"k":0},"p":{"a":0,"k":[500,499.8719977736473]},"r":{"a":0,"k":0},"sa":{"a":0,"k":0},"o":{"a":0,"k":100}},"shapes":[{"ty":"gr","bm":0,"hd":false,"nm":"Group 1","it":[{"ty":"sh","bm":0,"hd":false,"nm":"Path 1","d":1,"ks":{"a":0,"k":{"c":false,"i":[[0,0],[10.942999999999984,47.57],[-82.167,-30.997700000000002],[-156.341,-44.06299999999999]],"o":[[57.9232,-34.550200000000004],[-6.680000000000007,-29.0403],[126.09900000000002,47.5705],[0,0]],"v":[[2,12.5947],[220.365,12.5929],[204.987,51.1505],[409,291]]}}},{"ty":"st","bm":0,"hd":false,"nm":"Stroke","lc":2,"lj":1,"ml":4,"o":{"a":0,"k":100},"w":{"a":0,"k":3},"c":{"a":0,"k":[0.7255,0.6667,0.9294]}},{"ty":"tm","bm":0,"hd":false,"nm":"Trim Path","e":{"a":1,"k":[{"o":{"x":0.167,"y":0.167},"i":{"x":0.833,"y":0.833},"s":[0],"t":5},{"s":[100],"t":160}]},"o":{"a":0,"k":0},"s":{"a":0,"k":0},"m":1},{"ty":"tr","a":{"a":0,"k":[205.5,146.6280022263527]},"s":{"a":0,"k":[100,100]},"sk":{"a":0,"k":0},"p":{"a":0,"k":[205.5,146.6280022263527]},"r":{"a":0,"k":0},"sa":{"a":0,"k":0},"o":{"a":0,"k":100}}]}],"ind":6},{"ty":4,"nm":"Shape Layer - SVG","sr":1,"st":0,"op":190,"ip":0,"hd":false,"ddd":0,"bm":0,"hasMask":false,"ao":0,"ks":{"a":{"a":0,"k":[205.5,146.5]},"s":{"a":0,"k":[100,100]},"sk":{"a":0,"k":0},"p":{"a":0,"k":[500,499.8719977736473]},"r":{"a":0,"k":0},"sa":{"a":0,"k":0},"o":{"a":0,"k":100}},"shapes":[{"ty":"gr","bm":0,"hd":false,"nm":"Group 1","it":[{"ty":"sh","bm":0,"hd":false,"nm":"Path 1","d":1,"ks":{"a":0,"k":{"c":false,"i":[[0,0],[10.942999999999984,47.57],[-82.167,-30.997700000000002],[-156.341,-44.06299999999999]],"o":[[57.9232,-34.550200000000004],[-6.680000000000007,-29.0403],[126.09900000000002,47.5705],[0,0]],"v":[[2,12.5947],[220.365,12.5929],[204.987,51.1505],[409,291]]}}},{"ty":"st","bm":0,"hd":false,"nm":"Stroke","lc":2,"lj":1,"ml":4,"o":{"a":0,"k":100},"w":{"a":0,"k":1},"c":{"a":0,"k":[0.8667,0.8667,0.8667]}},{"ty":"tm","bm":0,"hd":false,"nm":"Trim Path","e":{"a":1,"k":[{"o":{"x":0.167,"y":0.167},"i":{"x":0.833,"y":0.833},"s":[0],"t":0},{"s":[100],"t":155}]},"o":{"a":0,"k":0},"s":{"a":0,"k":0},"m":1},{"ty":"tr","a":{"a":0,"k":[205.5,146.6280022263527]},"s":{"a":0,"k":[100,100]},"sk":{"a":0,"k":0},"p":{"a":0,"k":[205.5,146.6280022263527]},"r":{"a":0,"k":0},"sa":{"a":0,"k":0},"o":{"a":0,"k":100}}]}],"ind":7}]}]}