{"nm":"Main Scene","ddd":0,"h":225,"w":471,"meta":{"g":"@lottiefiles/creator 1.29.0"},"layers":[{"ty":0,"nm":"Line 6","sr":1,"st":0,"op":300,"ip":0,"hd":false,"ddd":0,"bm":0,"hasMask":false,"ao":0,"ks":{"a":{"a":0,"k":[304.7143096923828,213.66730785369873]},"s":{"a":0,"k":[100,100]},"sk":{"a":0,"k":0},"p":{"a":0,"k":[235.64329528808594,112.45109844207764]},"r":{"a":0,"k":0},"sa":{"a":0,"k":0},"o":{"a":0,"k":100}},"w":1000,"h":1000,"refId":"precomp_newScene_85cf0d9b-2915-4e83-ac9a-e097d6746886","ind":1}],"v":"5.7.0","fr":60,"op":198,"ip":0,"assets":[{"nm":"Line 6","id":"precomp_newScene_85cf0d9b-2915-4e83-ac9a-e097d6746886","fr":60,"layers":[{"ty":4,"nm":"Shape Layer - SVG 1","sr":1,"st":30,"op":221,"ip":30,"hd":false,"ddd":0,"bm":0,"hasMask":false,"ao":0,"ks":{"a":{"a":0,"k":[181,79.5]},"s":{"a":0,"k":[100,100]},"sk":{"a":0,"k":0},"p":{"a":0,"k":[249.75,249.70572662353516]},"r":{"a":0,"k":0},"sa":{"a":0,"k":0},"o":{"a":0,"k":100}},"shapes":[{"ty":"gr","bm":0,"hd":false,"nm":"Group 1","it":[{"ty":"sh","bm":0,"hd":false,"nm":"Path 1","d":1,"ks":{"a":0,"k":{"c":false,"i":[[0,0],[-21.1308,5.961100000000002],[-56,-0.5071608830496643],[-124.61934760988657,9.989759386418001]],"o":[[15.5,-20.594399999999993],[47.8692,-11.038899999999998],[84.00343379133466,-0.6157045406765747],[2.842170943040401e-14,-1.7763568394002505e-15]],"v":[[2,84.09440000000001],[57.630799999999994,40.53890000000001],[201.71421292206662,153.95618686727164],[469.64203207815535,-66.93522852149287]]}}},{"ty":"st","bm":0,"hd":false,"nm":"Stroke","lc":2,"lj":1,"ml":4,"o":{"a":0,"k":100},"w":{"a":0,"k":3},"c":{"a":0,"k":[0,0,0]}},{"ty":"tm","bm":0,"hd":false,"nm":"Trim Path","e":{"a":1,"k":[{"o":{"x":0.167,"y":0.167},"i":{"x":0.833,"y":0.833},"s":[0],"t":30},{"s":[100],"t":185}]},"o":{"a":0,"k":0},"s":{"a":0,"k":0},"m":1},{"ty":"tr","a":{"a":0,"k":[0,0]},"s":{"a":0,"k":[100,100]},"sk":{"a":0,"k":0},"p":{"a":0,"k":[0,0]},"r":{"a":0,"k":0},"sa":{"a":0,"k":0},"o":{"a":0,"k":100}}]}],"ind":1},{"ty":4,"nm":"Shape Layer - SVG 1","sr":1,"st":25,"op":191,"ip":25,"hd":false,"ddd":0,"bm":0,"hasMask":false,"ao":0,"ks":{"a":{"a":0,"k":[181,79.5]},"s":{"a":0,"k":[100,100]},"sk":{"a":0,"k":0},"p":{"a":0,"k":[249.75,249.70572662353516]},"r":{"a":0,"k":0},"sa":{"a":0,"k":0},"o":{"a":0,"k":100}},"shapes":[{"ty":"gr","bm":0,"hd":false,"nm":"Group 1","it":[{"ty":"sh","bm":0,"hd":false,"nm":"Path 1","d":1,"ks":{"a":0,"k":{"c":false,"i":[[0,0],[-21.1308,5.961100000000002],[-56,-0.5071608830496643],[-124.61934760988657,9.989759386418001]],"o":[[15.5,-20.594399999999993],[47.8692,-11.038899999999998],[84.00343379133466,-0.6157045406765747],[2.842170943040401e-14,-1.7763568394002505e-15]],"v":[[2,84.09440000000001],[57.630799999999994,40.53890000000001],[201.71421292206662,153.95618686727164],[469.64203207815535,-66.93522852149287]]}}},{"ty":"st","bm":0,"hd":false,"nm":"Stroke","lc":2,"lj":1,"ml":4,"o":{"a":0,"k":100},"w":{"a":0,"k":3},"c":{"a":0,"k":[0.1451,0.0275,0.5686]}},{"ty":"tm","bm":0,"hd":false,"nm":"Trim Path","e":{"a":1,"k":[{"o":{"x":0.167,"y":0.167},"i":{"x":0.833,"y":0.833},"s":[0],"t":25},{"s":[100],"t":180}]},"o":{"a":0,"k":0},"s":{"a":0,"k":0},"m":1},{"ty":"tr","a":{"a":0,"k":[0,0]},"s":{"a":0,"k":[100,100]},"sk":{"a":0,"k":0},"p":{"a":0,"k":[0,0]},"r":{"a":0,"k":0},"sa":{"a":0,"k":0},"o":{"a":0,"k":100}}]}],"ind":2},{"ty":4,"nm":"Shape Layer - SVG 1","sr":1,"st":20,"op":191,"ip":20,"hd":false,"ddd":0,"bm":0,"hasMask":false,"ao":0,"ks":{"a":{"a":0,"k":[181,79.5]},"s":{"a":0,"k":[100,100]},"sk":{"a":0,"k":0},"p":{"a":0,"k":[249.75,249.70572662353516]},"r":{"a":0,"k":0},"sa":{"a":0,"k":0},"o":{"a":0,"k":100}},"shapes":[{"ty":"gr","bm":0,"hd":false,"nm":"Group 1","it":[{"ty":"sh","bm":0,"hd":false,"nm":"Path 1","d":1,"ks":{"a":0,"k":{"c":false,"i":[[0,0],[-21.1308,5.961100000000002],[-56,-0.5071608830496643],[-124.61934760988657,9.989759386418001]],"o":[[15.5,-20.594399999999993],[47.8692,-11.038899999999998],[84.00343379133466,-0.6157045406765747],[2.842170943040401e-14,-1.7763568394002505e-15]],"v":[[2,84.09440000000001],[57.630799999999994,40.53890000000001],[201.71421292206662,153.95618686727164],[469.64203207815535,-66.93522852149287]]}}},{"ty":"st","bm":0,"hd":false,"nm":"Stroke","lc":2,"lj":1,"ml":4,"o":{"a":0,"k":100},"w":{"a":0,"k":3},"c":{"a":0,"k":[0.2157,0.0471,0.8196]}},{"ty":"tm","bm":0,"hd":false,"nm":"Trim Path","e":{"a":1,"k":[{"o":{"x":0.167,"y":0.167},"i":{"x":0.833,"y":0.833},"s":[0],"t":20},{"s":[100],"t":175}]},"o":{"a":0,"k":0},"s":{"a":0,"k":0},"m":1},{"ty":"tr","a":{"a":0,"k":[0,0]},"s":{"a":0,"k":[100,100]},"sk":{"a":0,"k":0},"p":{"a":0,"k":[0,0]},"r":{"a":0,"k":0},"sa":{"a":0,"k":0},"o":{"a":0,"k":100}}]}],"ind":3},{"ty":4,"nm":"Shape Layer - SVG 1","sr":1,"st":15,"op":191,"ip":15,"hd":false,"ddd":0,"bm":0,"hasMask":false,"ao":0,"ks":{"a":{"a":0,"k":[181,79.5]},"s":{"a":0,"k":[100,100]},"sk":{"a":0,"k":0},"p":{"a":0,"k":[249.75,249.70572662353516]},"r":{"a":0,"k":0},"sa":{"a":0,"k":0},"o":{"a":0,"k":100}},"shapes":[{"ty":"gr","bm":0,"hd":false,"nm":"Group 1","it":[{"ty":"sh","bm":0,"hd":false,"nm":"Path 1","d":1,"ks":{"a":0,"k":{"c":false,"i":[[0,0],[-21.1308,5.961100000000002],[-56,-0.5071608830496643],[-124.61934760988657,9.989759386418001]],"o":[[15.5,-20.594399999999993],[47.8692,-11.038899999999998],[84.00343379133466,-0.6157045406765747],[2.842170943040401e-14,-1.7763568394002505e-15]],"v":[[2,84.09440000000001],[57.630799999999994,40.53890000000001],[201.71421292206662,153.95618686727164],[469.64203207815535,-66.93522852149287]]}}},{"ty":"st","bm":0,"hd":false,"nm":"Stroke","lc":2,"lj":1,"ml":4,"o":{"a":0,"k":100},"w":{"a":0,"k":3},"c":{"a":0,"k":[0.3647,0.2039,0.9373]}},{"ty":"tm","bm":0,"hd":false,"nm":"Trim Path","e":{"a":1,"k":[{"o":{"x":0.167,"y":0.167},"i":{"x":0.833,"y":0.833},"s":[0],"t":15},{"s":[100],"t":170}]},"o":{"a":0,"k":0},"s":{"a":0,"k":0},"m":1},{"ty":"tr","a":{"a":0,"k":[0,0]},"s":{"a":0,"k":[100,100]},"sk":{"a":0,"k":0},"p":{"a":0,"k":[0,0]},"r":{"a":0,"k":0},"sa":{"a":0,"k":0},"o":{"a":0,"k":100}}]}],"ind":4},{"ty":4,"nm":"Shape Layer - SVG 1","sr":1,"st":10,"op":191,"ip":10,"hd":false,"ddd":0,"bm":0,"hasMask":false,"ao":0,"ks":{"a":{"a":0,"k":[181,79.5]},"s":{"a":0,"k":[100,100]},"sk":{"a":0,"k":0},"p":{"a":0,"k":[249.75,249.70572662353516]},"r":{"a":0,"k":0},"sa":{"a":0,"k":0},"o":{"a":0,"k":100}},"shapes":[{"ty":"gr","bm":0,"hd":false,"nm":"Group 1","it":[{"ty":"sh","bm":0,"hd":false,"nm":"Path 1","d":1,"ks":{"a":0,"k":{"c":false,"i":[[0,0],[-21.1308,5.961100000000002],[-56,-0.5071608830496643],[-124.61934760988657,9.989759386418001]],"o":[[15.5,-20.594399999999993],[47.8692,-11.038899999999998],[84.00343379133466,-0.6157045406765747],[2.842170943040401e-14,-1.7763568394002505e-15]],"v":[[2,84.09440000000001],[57.630799999999994,40.53890000000001],[201.71421292206662,153.95618686727164],[469.64203207815535,-66.93522852149287]]}}},{"ty":"st","bm":0,"hd":false,"nm":"Stroke","lc":2,"lj":1,"ml":4,"o":{"a":0,"k":100},"w":{"a":0,"k":3},"c":{"a":0,"k":[0.5922,0.502,0.9294]}},{"ty":"tm","bm":0,"hd":false,"nm":"Trim Path","e":{"a":1,"k":[{"o":{"x":0.167,"y":0.167},"i":{"x":0.833,"y":0.833},"s":[0],"t":10},{"s":[100],"t":165}]},"o":{"a":0,"k":0},"s":{"a":0,"k":0},"m":1},{"ty":"tr","a":{"a":0,"k":[0,0]},"s":{"a":0,"k":[100,100]},"sk":{"a":0,"k":0},"p":{"a":0,"k":[0,0]},"r":{"a":0,"k":0},"sa":{"a":0,"k":0},"o":{"a":0,"k":100}}]}],"ind":5},{"ty":4,"nm":"Shape Layer - SVG 1","sr":1,"st":5,"op":191,"ip":5,"hd":false,"ddd":0,"bm":0,"hasMask":false,"ao":0,"ks":{"a":{"a":0,"k":[181,79.5]},"s":{"a":0,"k":[100,100]},"sk":{"a":0,"k":0},"p":{"a":0,"k":[249.75,249.70572662353516]},"r":{"a":0,"k":0},"sa":{"a":0,"k":0},"o":{"a":0,"k":100}},"shapes":[{"ty":"gr","bm":0,"hd":false,"nm":"Group 1","it":[{"ty":"sh","bm":0,"hd":false,"nm":"Path 1","d":1,"ks":{"a":0,"k":{"c":false,"i":[[0,0],[-21.1308,5.961100000000002],[-56,-0.5071608830496643],[-124.61934760988657,9.989759386418001]],"o":[[15.5,-20.594399999999993],[47.8692,-11.038899999999998],[84.00343379133466,-0.6157045406765747],[2.842170943040401e-14,-1.7763568394002505e-15]],"v":[[2,84.09440000000001],[57.630799999999994,40.53890000000001],[201.71421292206662,153.95618686727164],[469.64203207815535,-66.93522852149287]]}}},{"ty":"st","bm":0,"hd":false,"nm":"Stroke","lc":2,"lj":1,"ml":4,"o":{"a":0,"k":100},"w":{"a":0,"k":3},"c":{"a":0,"k":[0.7255,0.6667,0.9294]}},{"ty":"tm","bm":0,"hd":false,"nm":"Trim Path","e":{"a":1,"k":[{"o":{"x":0.167,"y":0.167},"i":{"x":0.833,"y":0.833},"s":[0],"t":5},{"s":[100],"t":160}]},"o":{"a":0,"k":0},"s":{"a":0,"k":0},"m":1},{"ty":"tr","a":{"a":0,"k":[0,0]},"s":{"a":0,"k":[100,100]},"sk":{"a":0,"k":0},"p":{"a":0,"k":[0,0]},"r":{"a":0,"k":0},"sa":{"a":0,"k":0},"o":{"a":0,"k":100}}]}],"ind":6},{"ty":4,"nm":"Shape Layer - SVG","sr":1,"st":0,"op":191,"ip":0,"hd":false,"ddd":0,"bm":0,"hasMask":false,"ao":0,"ks":{"a":{"a":0,"k":[181,79.5]},"s":{"a":0,"k":[100,100]},"sk":{"a":0,"k":0},"p":{"a":0,"k":[249.75,249.70572662353516]},"r":{"a":0,"k":0},"sa":{"a":0,"k":0},"o":{"a":0,"k":100}},"shapes":[{"ty":"gr","bm":0,"hd":false,"nm":"Group 1","it":[{"ty":"sh","bm":0,"hd":false,"nm":"Path 1","d":1,"ks":{"a":0,"k":{"c":false,"i":[[0,0],[-21.1308,5.961100000000002],[-56,-0.5071608830496643],[-124.61934760988657,9.989759386418001]],"o":[[15.5,-20.594399999999993],[47.8692,-11.038899999999998],[84.00343379133466,-0.6157045406765747],[2.842170943040401e-14,-1.7763568394002505e-15]],"v":[[2,84.09440000000001],[57.630799999999994,40.53890000000001],[201.71421292206662,153.95618686727164],[469.64203207815535,-66.93522852149287]]}}},{"ty":"st","bm":0,"hd":false,"nm":"Stroke","lc":2,"lj":1,"ml":4,"o":{"a":0,"k":100},"w":{"a":0,"k":1},"c":{"a":0,"k":[0.8667,0.8667,0.8667]}},{"ty":"tm","bm":0,"hd":false,"nm":"Trim Path","e":{"a":1,"k":[{"o":{"x":0.167,"y":0.167},"i":{"x":0.833,"y":0.833},"s":[0],"t":0},{"s":[100],"t":155}]},"o":{"a":0,"k":0},"s":{"a":0,"k":0},"m":1},{"ty":"tr","a":{"a":0,"k":[0,0]},"s":{"a":0,"k":[100,100]},"sk":{"a":0,"k":0},"p":{"a":0,"k":[0,0]},"r":{"a":0,"k":0},"sa":{"a":0,"k":0},"o":{"a":0,"k":100}}]}],"ind":7}]}]}