{"nm":"Main Scene","ddd":0,"h":1024,"w":1662,"meta":{"g":"@lottiefiles/creator 1.28.0"},"layers":[{"ty":0,"nm":"Name2","sr":1,"st":0,"op":300,"ip":0,"hd":false,"ddd":0,"bm":0,"hasMask":false,"ao":0,"ks":{"a":{"a":0,"k":[0,0]},"s":{"a":1,"k":[{"o":{"x":0,"y":0},"i":{"x":0.36,"y":1},"s":[135,135],"t":116},{"s":[100,100],"t":148}]},"sk":{"a":0,"k":0},"p":{"a":1,"k":[{"o":{"x":0,"y":0},"i":{"x":0.36,"y":1},"s":[256,51],"t":116},{"s":[404,147],"t":148}]},"r":{"a":0,"k":0},"sa":{"a":0,"k":0},"o":{"a":0,"k":100}},"w":1165.75,"h":1062.3362503051758,"refId":"m1ov4mhjvafxxvf4_2966294a-0e3e-466e-b0af-76975094fb4e","ind":1},{"ty":4,"nm":"Vector 15 - Stroke","sr":1,"st":158,"op":299,"ip":158,"hd":false,"ddd":0,"bm":0,"hasMask":false,"ao":0,"ks":{"a":{"a":0,"k":[375.9999999999999,139]},"s":{"a":0,"k":[100,100]},"sk":{"a":0,"k":0},"p":{"a":0,"k":[1595,435]},"r":{"a":0,"k":0},"sa":{"a":0,"k":0},"o":{"a":0,"k":100}},"shapes":[{"ty":"gr","bm":0,"hd":false,"nm":"Group","np":3,"it":[{"ty":"sh","bm":0,"hd":false,"nm":"Path","d":1,"ks":{"a":0,"k":{"c":false,"i":[[0,0],[-66.0001,-11.5004],[-103.21480636212587,2.1416658578429315],[-48.08121675335474,45.48775225868127],[-91.5,12.6828],[-36.0862,27.6505],[-30.5,0.0003]],"o":[[-6.499110000000002,-31],[111.97553448275971,4.129655172413095],[38.54200071308401,-0.7997310650428062],[48.08121675335474,-45.48775225868127],[50.49999999999994,-6.999799999999993],[38.5,-29.50002],[0,0]],"v":[[25.589899999999943,169.5],[33.0954999999999,198],[296.5967503692759,99.46233382570165],[445.52683054328054,64.93816011889521],[595.7104874446084,-11.190546528803566],[626.0986,56],[749.0986,0]]}}},{"ty":"st","bm":0,"hd":false,"nm":"Stroke","lc":2,"lj":1,"ml":4,"o":{"a":0,"k":100},"w":{"a":0,"k":3},"c":{"a":0,"k":[0,0,0]}},{"ty":"tr","a":{"a":0,"k":[0,0]},"s":{"a":0,"k":[100,100]},"sk":{"a":0,"k":0},"p":{"a":0,"k":[0,0]},"r":{"a":0,"k":0},"sa":{"a":0,"k":0},"o":{"a":0,"k":100}}]},{"ty":"tm","bm":0,"hd":false,"nm":"Trim","e":{"a":1,"k":[{"o":{"x":0.43,"y":0.04},"i":{"x":0.6,"y":0.98},"s":[0],"t":158},{"s":[100],"t":228}]},"o":{"a":0,"k":0},"s":{"a":0,"k":0},"m":1}],"ind":2}],"v":"5.7.0","fr":60,"op":299,"ip":0,"assets":[{"nm":"Name2","id":"m1ov4mhjvafxxvf4_2966294a-0e3e-466e-b0af-76975094fb4e","fr":60,"layers":[{"ty":3,"nm":"Name2 - Null","sr":1,"st":0,"op":300,"ip":0,"hd":false,"ddd":0,"bm":0,"hasMask":false,"ao":0,"ks":{"a":{"a":0,"k":[0,0]},"s":{"a":0,"k":[100,100]},"sk":{"a":0,"k":0},"p":{"a":0,"k":[5.25,0]},"r":{"a":0,"k":0},"sa":{"a":0,"k":0},"o":{"a":0,"k":100}},"ind":1},{"ty":3,"nm":"Vector 46 - Null","sr":1,"st":0,"op":300,"ip":0,"hd":false,"ddd":0,"bm":0,"hasMask":false,"ao":0,"ks":{"a":{"a":0,"k":[0,76.1638]},"s":{"a":0,"k":[100,100]},"sk":{"a":0,"k":0},"p":{"a":0,"k":[610.25,322.8362]},"r":{"a":0,"k":0},"sa":{"a":0,"k":0},"o":{"a":0,"k":100}},"ind":2,"parent":1},{"ty":4,"nm":"Vector 46 - Stroke","sr":1,"st":0,"op":300,"ip":0,"hd":false,"ddd":0,"bm":0,"hasMask":false,"ao":0,"ks":{"a":{"a":0,"k":[0,0]},"s":{"a":0,"k":[100,100]},"sk":{"a":0,"k":0},"p":{"a":0,"k":[5.25,0]},"r":{"a":0,"k":0},"sa":{"a":0,"k":0},"o":{"a":0,"k":100}},"shapes":[{"ty":"gr","bm":0,"hd":false,"nm":"Group","np":3,"it":[{"ty":"sh","bm":0,"hd":false,"nm":"Path","d":1,"ks":{"a":0,"k":{"c":false,"i":[[0,0],[0,0]],"o":[[0,0],[0,0]],"v":[[0,0],[0,152.3276]]}}},{"ty":"st","bm":0,"hd":false,"nm":"Stroke","lc":2,"lj":1,"ml":4,"o":{"a":0,"k":100},"w":{"a":0,"k":3},"c":{"a":0,"k":[0,0,0]}},{"ty":"tr","a":{"a":0,"k":[0,0]},"s":{"a":0,"k":[100,100]},"sk":{"a":0,"k":0},"p":{"a":0,"k":[0,0]},"r":{"a":0,"k":0},"sa":{"a":0,"k":0},"o":{"a":0,"k":100}}]},{"ty":"tm","bm":0,"hd":false,"nm":"Trim","e":{"a":1,"k":[{"o":{"x":0.43,"y":0.04},"i":{"x":0.6,"y":0.98},"s":[0],"t":0},{"s":[100],"t":120}]},"o":{"a":0,"k":0},"s":{"a":0,"k":0},"m":1},{"ty":"gr","bm":0,"hd":false,"nm":"Group","np":3,"it":[{"ty":"rc","bm":0,"hd":false,"nm":"Rectangle","d":1,"p":{"a":0,"k":[1.5,77.6638]},"r":{"a":0,"k":0},"s":{"a":0,"k":[6,310.6552]}},{"ty":"fl","bm":0,"hd":false,"nm":"Fill","c":{"a":0,"k":[0,1,0]},"r":1,"o":{"a":0,"k":0}},{"ty":"tr","a":{"a":0,"k":[0,0]},"s":{"a":0,"k":[100,100]},"sk":{"a":0,"k":0},"p":{"a":0,"k":[0,0]},"r":{"a":0,"k":0},"sa":{"a":0,"k":0},"o":{"a":0,"k":100}}]}],"ind":3,"parent":2},{"ty":3,"nm":"Vector 45 - Null","sr":1,"st":0,"op":300,"ip":0,"hd":false,"ddd":0,"bm":0,"hasMask":false,"ao":0,"ks":{"a":{"a":0,"k":[39.2863,76.1638]},"s":{"a":0,"k":[100,100]},"sk":{"a":0,"k":0},"p":{"a":0,"k":[539.9621,322.8362]},"r":{"a":0,"k":0},"sa":{"a":0,"k":0},"o":{"a":0,"k":100}},"ind":4,"parent":1},{"ty":4,"nm":"Vector 45 - Stroke","sr":1,"st":0,"op":300,"ip":0,"hd":false,"ddd":0,"bm":0,"hasMask":false,"ao":0,"ks":{"a":{"a":0,"k":[40.57420000000002,77.32759999999996]},"s":{"a":0,"k":[100,100]},"sk":{"a":0,"k":0},"p":{"a":0,"k":[45.82420000000002,77.32759999999996]},"r":{"a":0,"k":0},"sa":{"a":0,"k":0},"o":{"a":0,"k":100}},"shapes":[{"ty":"gr","bm":0,"hd":false,"nm":"Group","np":3,"it":[{"ty":"sh","bm":0,"hd":false,"nm":"Path","d":1,"ks":{"a":0,"k":{"c":false,"i":[[0,0],[0,-20.6724],[0,25.3276],[-10.5015,7.664],[0,0],[0,0],[0,0]],"o":[[0,0],[0,23.827640000000002],[0,-13.999079999999992],[16.56124,-12.086309999999997],[0,0],[0,0],[0,0]],"v":[[41.5734,0],[41.5734,103],[0.0742,103],[9.075,73],[78.5726,73],[78.5726,0],[78.5724,152.3276]]}}},{"ty":"st","bm":0,"hd":false,"nm":"Stroke","lc":2,"lj":1,"ml":4,"o":{"a":0,"k":100},"w":{"a":0,"k":3},"c":{"a":0,"k":[0,0,0]}},{"ty":"tr","a":{"a":0,"k":[39.57420000000002,76.32759999999996]},"s":{"a":0,"k":[100,100]},"sk":{"a":0,"k":0},"p":{"a":0,"k":[39.57420000000002,76.32759999999996]},"r":{"a":0,"k":0},"sa":{"a":0,"k":0},"o":{"a":0,"k":100}}]},{"ty":"tm","bm":0,"hd":false,"nm":"Trim","e":{"a":1,"k":[{"o":{"x":0.43,"y":0.04},"i":{"x":0.6,"y":0.98},"s":[0],"t":0},{"s":[100],"t":120}]},"o":{"a":0,"k":0},"s":{"a":0,"k":0},"m":1},{"ty":"gr","bm":0,"hd":false,"nm":"Group","np":3,"it":[{"ty":"rc","bm":0,"hd":false,"nm":"Rectangle","d":1,"p":{"a":0,"k":[40.78625,77.6638]},"r":{"a":0,"k":0},"s":{"a":0,"k":[163.145,310.6552]}},{"ty":"fl","bm":0,"hd":false,"nm":"Fill","c":{"a":0,"k":[0,1,0]},"r":1,"o":{"a":0,"k":0}},{"ty":"tr","a":{"a":0,"k":[40.57420000000002,77.32759999999996]},"s":{"a":0,"k":[100,100]},"sk":{"a":0,"k":0},"p":{"a":0,"k":[40.57420000000002,77.32759999999996]},"r":{"a":0,"k":0},"sa":{"a":0,"k":0},"o":{"a":0,"k":100}}]}],"ind":5,"parent":4},{"ty":3,"nm":"Vector 44 - Null","sr":1,"st":0,"op":300,"ip":0,"hd":false,"ddd":0,"bm":0,"hasMask":false,"ao":0,"ks":{"a":{"a":0,"k":[203.75,0]},"s":{"a":0,"k":[100,100]},"sk":{"a":0,"k":0},"p":{"a":0,"k":[249,246.6724]},"r":{"a":0,"k":0},"sa":{"a":0,"k":0},"o":{"a":0,"k":100}},"ind":6,"parent":1},{"ty":4,"nm":"Vector 44 - Stroke","sr":1,"st":0,"op":300,"ip":0,"hd":false,"ddd":0,"bm":0,"hasMask":false,"ao":0,"ks":{"a":{"a":0,"k":[0,0]},"s":{"a":0,"k":[100,100]},"sk":{"a":0,"k":0},"p":{"a":0,"k":[5.25,0]},"r":{"a":0,"k":0},"sa":{"a":0,"k":0},"o":{"a":0,"k":100}},"shapes":[{"ty":"gr","bm":0,"hd":false,"nm":"Group","np":3,"it":[{"ty":"sh","bm":0,"hd":false,"nm":"Path","d":1,"ks":{"a":0,"k":{"c":false,"i":[[0,0],[0,0]],"o":[[0,0],[0,0]],"v":[[0,0],[407.5,0]]}}},{"ty":"st","bm":0,"hd":false,"nm":"Stroke","lc":2,"lj":1,"ml":4,"o":{"a":0,"k":100},"w":{"a":0,"k":3},"c":{"a":0,"k":[0,0,0]}},{"ty":"tr","a":{"a":0,"k":[0,0]},"s":{"a":0,"k":[100,100]},"sk":{"a":0,"k":0},"p":{"a":0,"k":[0,0]},"r":{"a":0,"k":0},"sa":{"a":0,"k":0},"o":{"a":0,"k":100}}]},{"ty":"tm","bm":0,"hd":false,"nm":"Trim","e":{"a":1,"k":[{"o":{"x":0.43,"y":0.04},"i":{"x":0.6,"y":0.98},"s":[0],"t":0},{"s":[100],"t":120}]},"o":{"a":0,"k":0},"s":{"a":0,"k":0},"m":1},{"ty":"gr","bm":0,"hd":false,"nm":"Group","np":3,"it":[{"ty":"rc","bm":0,"hd":false,"nm":"Rectangle","d":1,"p":{"a":0,"k":[205.25,1.5]},"r":{"a":0,"k":0},"s":{"a":0,"k":[821,6]}},{"ty":"fl","bm":0,"hd":false,"nm":"Fill","c":{"a":0,"k":[0,1,0]},"r":1,"o":{"a":0,"k":0}},{"ty":"tr","a":{"a":0,"k":[0,0]},"s":{"a":0,"k":[100,100]},"sk":{"a":0,"k":0},"p":{"a":0,"k":[0,0]},"r":{"a":0,"k":0},"sa":{"a":0,"k":0},"o":{"a":0,"k":100}}]}],"ind":7,"parent":6},{"ty":3,"nm":"Vector 41 - Null","sr":1,"st":0,"op":300,"ip":0,"hd":false,"ddd":0,"bm":0,"hasMask":false,"ao":0,"ks":{"a":{"a":0,"k":[98.7514,209.1316]},"s":{"a":0,"k":[100,100]},"sk":{"a":0,"k":0},"p":{"a":0,"k":[413.4955,456.804]},"r":{"a":0,"k":0},"sa":{"a":0,"k":0},"o":{"a":0,"k":100}},"ind":8,"parent":1},{"ty":4,"nm":"Vector 41 - Stroke","sr":1,"st":0,"op":300,"ip":0,"hd":false,"ddd":0,"bm":0,"hasMask":false,"ao":0,"ks":{"a":{"a":0,"k":[0,0]},"s":{"a":0,"k":[100,100]},"sk":{"a":0,"k":0},"p":{"a":0,"k":[5.25,0]},"r":{"a":0,"k":0},"sa":{"a":0,"k":0},"o":{"a":0,"k":100}},"shapes":[{"ty":"gr","bm":0,"hd":false,"nm":"Group","np":3,"it":[{"ty":"sh","bm":0,"hd":false,"nm":"Path","d":1,"ks":{"a":0,"k":{"c":false,"i":[[0,0],[0,0],[24.5023,-16.1724],[-0.2085,-14.1724],[-20.5331,-10.0311],[-21.2969,13.4506],[3.3851,10.9145],[10.3305,-3.3422],[-0.8382,-22.091],[-20.4977,-15.6724],[-23.1057,-24.91],[3.3331,-33.611],[33.215,-14.6543],[12.5395,33.3276],[-21.3048,13.4381],[-18.0014,-17.6189],[8.1587,-12.5579],[14.6175,3.2549]],"o":[[0,0],[0,0],[-15.48424,10.220150000000004],[0.33612,22.849869999999996],[22.632420000000003,11.056669999999997],[9.5,-6],[-3.2163400000000024,-10.370379999999997],[-17,5.5],[0.8917000000000002,23.5],[23.875100000000003,18.254670000000004],[17.000079999999997,18.327639999999974],[-3.5826299999999947,36.12684999999999],[-36.790130000000005,16.23160999999999],[-10.743009999999998,-28.553020000000004],[21.304789999999997,-13.43810000000002],[13.639810000000011,13.35005000000001],[-8.158729999999991,12.557860000000005],[0,0]],"v":[[102.5036,0],[102.5036,40.5],[24.0036,40.5],[0.0036,81.5],[32.5037,132.8276],[99.5037,127.3276],[112.5036,98.5],[85.5037,88.8276],[66.5037,139.3276],[102.5036,194],[169.5036,249.5],[197.0036,331.5],[148.0036,410.5],[48.5036,384],[72.0036,309.5],[137.5037,309.5],[148.0036,357],[112.5036,371.5]]}}},{"ty":"st","bm":0,"hd":false,"nm":"Stroke","lc":2,"lj":1,"ml":4,"o":{"a":0,"k":100},"w":{"a":0,"k":3},"c":{"a":0,"k":[0,0,0]}},{"ty":"tr","a":{"a":0,"k":[0,0]},"s":{"a":0,"k":[100,100]},"sk":{"a":0,"k":0},"p":{"a":0,"k":[0,0]},"r":{"a":0,"k":0},"sa":{"a":0,"k":0},"o":{"a":0,"k":100}}]},{"ty":"tm","bm":0,"hd":false,"nm":"Trim","e":{"a":1,"k":[{"o":{"x":0.43,"y":0.04},"i":{"x":0.6,"y":0.98},"s":[0],"t":0},{"s":[100],"t":120}]},"o":{"a":0,"k":0},"s":{"a":0,"k":0},"m":1},{"ty":"gr","bm":0,"hd":false,"nm":"Group","np":3,"it":[{"ty":"rc","bm":0,"hd":false,"nm":"Rectangle","d":1,"p":{"a":0,"k":[100.25135,210.6316]},"r":{"a":0,"k":0},"s":{"a":0,"k":[401.0054,842.5264]}},{"ty":"fl","bm":0,"hd":false,"nm":"Fill","c":{"a":0,"k":[0,1,0]},"r":1,"o":{"a":0,"k":0}},{"ty":"tr","a":{"a":0,"k":[0,0]},"s":{"a":0,"k":[100,100]},"sk":{"a":0,"k":0},"p":{"a":0,"k":[0,0]},"r":{"a":0,"k":0},"sa":{"a":0,"k":0},"o":{"a":0,"k":100}}]}],"ind":9,"parent":8},{"ty":3,"nm":"Vector 38 - Null","sr":1,"st":0,"op":300,"ip":0,"hd":false,"ddd":0,"bm":0,"hasMask":false,"ao":0,"ks":{"a":{"a":0,"k":[44.3465,193]},"s":{"a":0,"k":[100,100]},"sk":{"a":0,"k":0},"p":{"a":0,"k":[186.9207,439.5]},"r":{"a":0,"k":0},"sa":{"a":0,"k":0},"o":{"a":0,"k":100}},"ind":10,"parent":1},{"ty":4,"nm":"Vector 38 - Stroke","sr":1,"st":0,"op":300,"ip":0,"hd":false,"ddd":0,"bm":0,"hasMask":false,"ao":0,"ks":{"a":{"a":0,"k":[45.67580000000001,194.5]},"s":{"a":0,"k":[100,100]},"sk":{"a":0,"k":0},"p":{"a":0,"k":[50.92580000000001,194.5]},"r":{"a":0,"k":0},"sa":{"a":0,"k":0},"o":{"a":0,"k":100}},"shapes":[{"ty":"gr","bm":0,"hd":false,"nm":"Group","np":3,"it":[{"ty":"sh","bm":0,"hd":false,"nm":"Path","d":1,"ks":{"a":0,"k":{"c":false,"i":[[0,0],[0,-31.5],[20.4953,0],[-24.9961,2],[-6.1115,-45.0567],[24,-38],[-38,0],[26.9874,7.5]],"o":[[0,0],[0,31.5],[-20.49533,0],[24.99606,-2],[6.111509999999996,45.056659999999994],[-24.38274,38.60600999999997],[37.79924,0],[0,0]],"v":[[42.1469,0],[71.1642,53],[19.6761,129.5],[15.1764,95.5],[87.6643,173],[47.6644,286],[47.6644,386],[60.677,336.5]]}}},{"ty":"st","bm":0,"hd":false,"nm":"Stroke","lc":2,"lj":1,"ml":4,"o":{"a":0,"k":100},"w":{"a":0,"k":3},"c":{"a":0,"k":[0,0,0]}},{"ty":"tr","a":{"a":0,"k":[0,0]},"s":{"a":0,"k":[100,100]},"sk":{"a":0,"k":0},"p":{"a":0,"k":[0,0]},"r":{"a":0,"k":0},"sa":{"a":0,"k":0},"o":{"a":0,"k":100}}]},{"ty":"tm","bm":0,"hd":false,"nm":"Trim","e":{"a":1,"k":[{"o":{"x":0.43,"y":0.04},"i":{"x":0.6,"y":0.98},"s":[0],"t":0},{"s":[100],"t":120}]},"o":{"a":0,"k":0},"s":{"a":0,"k":0},"m":1},{"ty":"gr","bm":0,"hd":false,"nm":"Group","np":3,"it":[{"ty":"rc","bm":0,"hd":false,"nm":"Rectangle","d":1,"p":{"a":0,"k":[45.84645,194.5]},"r":{"a":0,"k":0},"s":{"a":0,"k":[183.3858,778]}},{"ty":"fl","bm":0,"hd":false,"nm":"Fill","c":{"a":0,"k":[0,1,0]},"r":1,"o":{"a":0,"k":0}},{"ty":"tr","a":{"a":0,"k":[0,0]},"s":{"a":0,"k":[100,100]},"sk":{"a":0,"k":0},"p":{"a":0,"k":[0,0]},"r":{"a":0,"k":0},"sa":{"a":0,"k":0},"o":{"a":0,"k":100}}]}],"ind":11,"parent":10},{"ty":3,"nm":"Vector 37 - Null","sr":1,"st":0,"op":300,"ip":0,"hd":false,"ddd":0,"bm":0,"hasMask":false,"ao":0,"ks":{"a":{"a":0,"k":[0,76.1638]},"s":{"a":0,"k":[100,100]},"sk":{"a":0,"k":0},"p":{"a":0,"k":[123.75,323.8362]},"r":{"a":0,"k":0},"sa":{"a":0,"k":0},"o":{"a":0,"k":100}},"ind":12,"parent":1},{"ty":4,"nm":"Vector 37 - Stroke","sr":1,"st":0,"op":300,"ip":0,"hd":false,"ddd":0,"bm":0,"hasMask":false,"ao":0,"ks":{"a":{"a":0,"k":[0,0]},"s":{"a":0,"k":[100,100]},"sk":{"a":0,"k":0},"p":{"a":0,"k":[5.25,0]},"r":{"a":0,"k":0},"sa":{"a":0,"k":0},"o":{"a":0,"k":100}},"shapes":[{"ty":"gr","bm":0,"hd":false,"nm":"Group","np":3,"it":[{"ty":"sh","bm":0,"hd":false,"nm":"Path","d":1,"ks":{"a":0,"k":{"c":false,"i":[[0,0],[0,0]],"o":[[0,0],[0,0]],"v":[[0,152.3276],[0,0]]}}},{"ty":"st","bm":0,"hd":false,"nm":"Stroke","lc":2,"lj":1,"ml":4,"o":{"a":0,"k":100},"w":{"a":0,"k":3},"c":{"a":0,"k":[0,0,0]}},{"ty":"tr","a":{"a":0,"k":[0,0]},"s":{"a":0,"k":[100,100]},"sk":{"a":0,"k":0},"p":{"a":0,"k":[0,0]},"r":{"a":0,"k":0},"sa":{"a":0,"k":0},"o":{"a":0,"k":100}}]},{"ty":"tm","bm":0,"hd":false,"nm":"Trim","e":{"a":1,"k":[{"o":{"x":0.43,"y":0.04},"i":{"x":0.6,"y":0.98},"s":[0],"t":0},{"s":[100],"t":120}]},"o":{"a":0,"k":0},"s":{"a":0,"k":0},"m":1},{"ty":"gr","bm":0,"hd":false,"nm":"Group","np":3,"it":[{"ty":"rc","bm":0,"hd":false,"nm":"Rectangle","d":1,"p":{"a":0,"k":[1.5,77.6638]},"r":{"a":0,"k":0},"s":{"a":0,"k":[6,310.6552]}},{"ty":"fl","bm":0,"hd":false,"nm":"Fill","c":{"a":0,"k":[0,1,0]},"r":1,"o":{"a":0,"k":0}},{"ty":"tr","a":{"a":0,"k":[0,0]},"s":{"a":0,"k":[100,100]},"sk":{"a":0,"k":0},"p":{"a":0,"k":[0,0]},"r":{"a":0,"k":0},"sa":{"a":0,"k":0},"o":{"a":0,"k":100}}]}],"ind":13,"parent":12},{"ty":3,"nm":"Vector 42 - Null","sr":1,"st":0,"op":300,"ip":0,"hd":false,"ddd":0,"bm":0,"hasMask":false,"ao":0,"ks":{"a":{"a":0,"k":[29,28]},"s":{"a":0,"k":[100,100]},"sk":{"a":0,"k":0},"p":{"a":0,"k":[352.25,414.6724]},"r":{"a":0,"k":0},"sa":{"a":0,"k":0},"o":{"a":0,"k":100}},"ind":14,"parent":1},{"ty":4,"nm":"Vector 42 - Stroke","sr":1,"st":0,"op":300,"ip":0,"hd":false,"ddd":0,"bm":0,"hasMask":false,"ao":0,"ks":{"a":{"a":0,"k":[0,0]},"s":{"a":0,"k":[100,100]},"sk":{"a":0,"k":0},"p":{"a":0,"k":[5.25,0]},"r":{"a":0,"k":0},"sa":{"a":0,"k":0},"o":{"a":0,"k":100}},"shapes":[{"ty":"gr","bm":0,"hd":false,"nm":"Group","np":3,"it":[{"ty":"sh","bm":0,"hd":false,"nm":"Path","d":1,"ks":{"a":0,"k":{"c":false,"i":[[0,0],[-9.8552,9.5],[-5,13.3276]],"o":[[13,-4.672359999999998],[10.373890000000003,-10],[0,0]],"v":[[0,56],[35,34.3276],[58,0]]}}},{"ty":"st","bm":0,"hd":false,"nm":"Stroke","lc":2,"lj":1,"ml":4,"o":{"a":0,"k":100},"w":{"a":0,"k":3},"c":{"a":0,"k":[0,0,0]}},{"ty":"tr","a":{"a":0,"k":[0,0]},"s":{"a":0,"k":[100,100]},"sk":{"a":0,"k":0},"p":{"a":0,"k":[0,0]},"r":{"a":0,"k":0},"sa":{"a":0,"k":0},"o":{"a":0,"k":100}}]},{"ty":"tm","bm":0,"hd":false,"nm":"Trim","e":{"a":1,"k":[{"o":{"x":0.43,"y":0.04},"i":{"x":0.6,"y":0.98},"s":[0],"t":0},{"s":[100],"t":120}]},"o":{"a":0,"k":0},"s":{"a":0,"k":0},"m":1},{"ty":"gr","bm":0,"hd":false,"nm":"Group","np":3,"it":[{"ty":"rc","bm":0,"hd":false,"nm":"Rectangle","d":1,"p":{"a":0,"k":[30.5,29.5]},"r":{"a":0,"k":0},"s":{"a":0,"k":[122,118]}},{"ty":"fl","bm":0,"hd":false,"nm":"Fill","c":{"a":0,"k":[0,1,0]},"r":1,"o":{"a":0,"k":0}},{"ty":"tr","a":{"a":0,"k":[0,0]},"s":{"a":0,"k":[100,100]},"sk":{"a":0,"k":0},"p":{"a":0,"k":[0,0]},"r":{"a":0,"k":0},"sa":{"a":0,"k":0},"o":{"a":0,"k":100}}]}],"ind":15,"parent":14},{"ty":3,"nm":"Vector 40 - Null","sr":1,"st":0,"op":300,"ip":0,"hd":false,"ddd":0,"bm":0,"hasMask":false,"ao":0,"ks":{"a":{"a":0,"k":[43.3441,32.2466]},"s":{"a":0,"k":[100,100]},"sk":{"a":0,"k":0},"p":{"a":0,"k":[273.9066,333.3618]},"r":{"a":0,"k":0},"sa":{"a":0,"k":0},"o":{"a":0,"k":100}},"ind":16,"parent":1},{"ty":4,"nm":"Vector 40 - Stroke","sr":1,"st":0,"op":300,"ip":0,"hd":false,"ddd":0,"bm":0,"hasMask":false,"ao":0,"ks":{"a":{"a":0,"k":[0,0]},"s":{"a":0,"k":[100,100]},"sk":{"a":0,"k":0},"p":{"a":0,"k":[5.25,0]},"r":{"a":0,"k":0},"sa":{"a":0,"k":0},"o":{"a":0,"k":100}},"shapes":[{"ty":"gr","bm":0,"hd":false,"nm":"Group","np":3,"it":[{"ty":"sh","bm":0,"hd":false,"nm":"Path","d":1,"ks":{"a":0,"k":{"c":false,"i":[[0,0],[25.4322,-1.9997],[-14.7828,24.8579],[0,0]],"o":[[22.5,8.357940000000001],[-26.13541,2.055019999999999],[16.63223,-27.96974],[0,0]],"v":[[38.6865,14.0268],[31.1865,64.3847],[6.0558,14.0268],[86.6881,8.5568]]}}},{"ty":"st","bm":0,"hd":false,"nm":"Stroke","lc":2,"lj":1,"ml":4,"o":{"a":0,"k":100},"w":{"a":0,"k":3},"c":{"a":0,"k":[0,0,0]}},{"ty":"tr","a":{"a":0,"k":[0,0]},"s":{"a":0,"k":[100,100]},"sk":{"a":0,"k":0},"p":{"a":0,"k":[0,0]},"r":{"a":0,"k":0},"sa":{"a":0,"k":0},"o":{"a":0,"k":100}}]},{"ty":"tm","bm":0,"hd":false,"nm":"Trim","e":{"a":1,"k":[{"o":{"x":0.43,"y":0.04},"i":{"x":0.6,"y":0.98},"s":[0],"t":0},{"s":[100],"t":120}]},"o":{"a":0,"k":0},"s":{"a":0,"k":0},"m":1},{"ty":"gr","bm":0,"hd":false,"nm":"Group","np":3,"it":[{"ty":"rc","bm":0,"hd":false,"nm":"Rectangle","d":1,"p":{"a":0,"k":[44.84405,33.74655]},"r":{"a":0,"k":0},"s":{"a":0,"k":[179.3762,134.9862]}},{"ty":"fl","bm":0,"hd":false,"nm":"Fill","c":{"a":0,"k":[0,1,0]},"r":1,"o":{"a":0,"k":0}},{"ty":"tr","a":{"a":0,"k":[0,0]},"s":{"a":0,"k":[100,100]},"sk":{"a":0,"k":0},"p":{"a":0,"k":[0,0]},"r":{"a":0,"k":0},"sa":{"a":0,"k":0},"o":{"a":0,"k":100}}]}],"ind":17,"parent":16},{"ty":3,"nm":"Vector 36 - Null","sr":1,"st":0,"op":300,"ip":0,"hd":false,"ddd":0,"bm":0,"hasMask":false,"ao":0,"ks":{"a":{"a":0,"k":[50.022,35.7518]},"s":{"a":0,"k":[100,100]},"sk":{"a":0,"k":0},"p":{"a":0,"k":[72.72710000000001,340.2484]},"r":{"a":0,"k":0},"sa":{"a":0,"k":0},"o":{"a":0,"k":100}},"ind":18,"parent":1},{"ty":4,"nm":"Vector 36 - Stroke","sr":1,"st":0,"op":300,"ip":0,"hd":false,"ddd":0,"bm":0,"hasMask":false,"ao":0,"ks":{"a":{"a":0,"k":[0,0]},"s":{"a":0,"k":[100,100]},"sk":{"a":0,"k":0},"p":{"a":0,"k":[5.25,0]},"r":{"a":0,"k":0},"sa":{"a":0,"k":0},"o":{"a":0,"k":100}},"shapes":[{"ty":"gr","bm":0,"hd":false,"nm":"Group","np":3,"it":[{"ty":"sh","bm":0,"hd":false,"nm":"Path","d":1,"ks":{"a":0,"k":{"c":false,"i":[[0,0],[25.5107,0],[-12.5006,20.3274],[0,0]],"o":[[20.016199999999998,15.81604],[-26.99916,0],[18.92279,-30.770690000000002],[0,0]],"v":[[51.044,13.676],[31.0439,71.5036],[5.0446,13.676],[100.044,13.676]]}}},{"ty":"st","bm":0,"hd":false,"nm":"Stroke","lc":2,"lj":1,"ml":4,"o":{"a":0,"k":100},"w":{"a":0,"k":3},"c":{"a":0,"k":[0,0,0]}},{"ty":"tr","a":{"a":0,"k":[0,0]},"s":{"a":0,"k":[100,100]},"sk":{"a":0,"k":0},"p":{"a":0,"k":[0,0]},"r":{"a":0,"k":0},"sa":{"a":0,"k":0},"o":{"a":0,"k":100}}]},{"ty":"tm","bm":0,"hd":false,"nm":"Trim","e":{"a":1,"k":[{"o":{"x":0.43,"y":0.04},"i":{"x":0.6,"y":0.98},"s":[0],"t":0},{"s":[100],"t":120}]},"o":{"a":0,"k":0},"s":{"a":0,"k":0},"m":1},{"ty":"gr","bm":0,"hd":false,"nm":"Group","np":3,"it":[{"ty":"rc","bm":0,"hd":false,"nm":"Rectangle","d":1,"p":{"a":0,"k":[51.522,37.2518]},"r":{"a":0,"k":0},"s":{"a":0,"k":[206.088,149.0072]}},{"ty":"fl","bm":0,"hd":false,"nm":"Fill","c":{"a":0,"k":[0,1,0]},"r":1,"o":{"a":0,"k":0}},{"ty":"tr","a":{"a":0,"k":[0,0]},"s":{"a":0,"k":[100,100]},"sk":{"a":0,"k":0},"p":{"a":0,"k":[0,0]},"r":{"a":0,"k":0},"sa":{"a":0,"k":0},"o":{"a":0,"k":100}}]}],"ind":19,"parent":18},{"ty":3,"nm":"Vector 43 - Null","sr":1,"st":0,"op":300,"ip":0,"hd":false,"ddd":0,"bm":0,"hasMask":false,"ao":0,"ks":{"a":{"a":0,"k":[90.9465,102.3363]},"s":{"a":0,"k":[100,100]},"sk":{"a":0,"k":0},"p":{"a":0,"k":[159.4582,144.3363]},"r":{"a":0,"k":0},"sa":{"a":0,"k":0},"o":{"a":0,"k":100}},"ind":20,"parent":1},{"ty":4,"nm":"Vector 43 - Stroke","sr":1,"st":0,"op":300,"ip":0,"hd":false,"ddd":0,"bm":0,"hasMask":false,"ao":0,"ks":{"a":{"a":0,"k":[0,0]},"s":{"a":0,"k":[100,100]},"sk":{"a":0,"k":0},"p":{"a":0,"k":[5.25,0]},"r":{"a":0,"k":0},"sa":{"a":0,"k":0},"o":{"a":0,"k":100}},"shapes":[{"ty":"gr","bm":0,"hd":false,"nm":"Group","np":3,"it":[{"ty":"sh","bm":0,"hd":false,"nm":"Path","d":1,"ks":{"a":0,"k":{"c":false,"i":[[0,0],[17.5821,3.2272],[-10.313,14.0649],[-34.907,-10.6258],[-2.4823,-49.2987],[44.0273,-15.6814]],"o":[[6.1574699999999964,16.78185],[-17.15417,-3.1486599999999996],[16.49778,-22.49987],[47.221819999999994,14.374480000000002],[2.3503000000000043,46.67751],[0,0]],"v":[[50.2399,26.6725],[20.7399,61.6725],[4.2399,20.1725],[97.7383,6.1724],[181.74,105.1725],[115.24,204.6725]]}}},{"ty":"st","bm":0,"hd":false,"nm":"Stroke","lc":2,"lj":1,"ml":4,"o":{"a":0,"k":100},"w":{"a":0,"k":3},"c":{"a":0,"k":[0,0,0]}},{"ty":"tr","a":{"a":0,"k":[0,0]},"s":{"a":0,"k":[100,100]},"sk":{"a":0,"k":0},"p":{"a":0,"k":[0,0]},"r":{"a":0,"k":0},"sa":{"a":0,"k":0},"o":{"a":0,"k":100}}]},{"ty":"tm","bm":0,"hd":false,"nm":"Trim","e":{"a":1,"k":[{"o":{"x":0.43,"y":0.04},"i":{"x":0.6,"y":0.98},"s":[0],"t":0},{"s":[100],"t":120}]},"o":{"a":0,"k":0},"s":{"a":0,"k":0},"m":1},{"ty":"gr","bm":0,"hd":false,"nm":"Group","np":3,"it":[{"ty":"rc","bm":0,"hd":false,"nm":"Rectangle","d":1,"p":{"a":0,"k":[92.4465,103.83625]},"r":{"a":0,"k":0},"s":{"a":0,"k":[369.786,415.345]}},{"ty":"fl","bm":0,"hd":false,"nm":"Fill","c":{"a":0,"k":[0,1,0]},"r":1,"o":{"a":0,"k":0}},{"ty":"tr","a":{"a":0,"k":[0,0]},"s":{"a":0,"k":[100,100]},"sk":{"a":0,"k":0},"p":{"a":0,"k":[0,0]},"r":{"a":0,"k":0},"sa":{"a":0,"k":0},"o":{"a":0,"k":100}}]}],"ind":21,"parent":20},{"ty":3,"nm":"Vector 48 - Null","sr":1,"st":0,"op":300,"ip":0,"hd":false,"ddd":0,"bm":0,"hasMask":false,"ao":0,"ks":{"a":{"a":0,"k":[0,75.6638]},"s":{"a":0,"k":[100,100]},"sk":{"a":0,"k":0},"p":{"a":0,"k":[769.25,322.3362]},"r":{"a":0,"k":0},"sa":{"a":0,"k":0},"o":{"a":0,"k":100}},"ind":22,"parent":1},{"ty":4,"nm":"Vector 48 - Stroke","sr":1,"st":0,"op":300,"ip":0,"hd":false,"ddd":0,"bm":0,"hasMask":false,"ao":0,"ks":{"a":{"a":0,"k":[0,0]},"s":{"a":0,"k":[100,100]},"sk":{"a":0,"k":0},"p":{"a":0,"k":[5.25,0]},"r":{"a":0,"k":0},"sa":{"a":0,"k":0},"o":{"a":0,"k":100}},"shapes":[{"ty":"gr","bm":0,"hd":false,"nm":"Group","np":3,"it":[{"ty":"sh","bm":0,"hd":false,"nm":"Path","d":1,"ks":{"a":0,"k":{"c":false,"i":[[0,0],[0,0]],"o":[[0,0],[0,0]],"v":[[0,0],[0,151.3276]]}}},{"ty":"st","bm":0,"hd":false,"nm":"Stroke","lc":2,"lj":1,"ml":4,"o":{"a":0,"k":100},"w":{"a":0,"k":3},"c":{"a":0,"k":[0,0,0]}},{"ty":"tr","a":{"a":0,"k":[0,0]},"s":{"a":0,"k":[100,100]},"sk":{"a":0,"k":0},"p":{"a":0,"k":[0,0]},"r":{"a":0,"k":0},"sa":{"a":0,"k":0},"o":{"a":0,"k":100}}]},{"ty":"tm","bm":0,"hd":false,"nm":"Trim","e":{"a":1,"k":[{"o":{"x":0.43,"y":0.04},"i":{"x":0.6,"y":0.98},"s":[0],"t":0},{"s":[100],"t":120}]},"o":{"a":0,"k":0},"s":{"a":0,"k":0},"m":1},{"ty":"gr","bm":0,"hd":false,"nm":"Group","np":3,"it":[{"ty":"rc","bm":0,"hd":false,"nm":"Rectangle","d":1,"p":{"a":0,"k":[1.5,77.1638]},"r":{"a":0,"k":0},"s":{"a":0,"k":[6,308.6552]}},{"ty":"fl","bm":0,"hd":false,"nm":"Fill","c":{"a":0,"k":[0,1,0]},"r":1,"o":{"a":0,"k":0}},{"ty":"tr","a":{"a":0,"k":[0,0]},"s":{"a":0,"k":[100,100]},"sk":{"a":0,"k":0},"p":{"a":0,"k":[0,0]},"r":{"a":0,"k":0},"sa":{"a":0,"k":0},"o":{"a":0,"k":100}}]}],"ind":23,"parent":22},{"ty":3,"nm":"Vector 47 - Null","sr":1,"st":0,"op":300,"ip":0,"hd":false,"ddd":0,"bm":0,"hasMask":false,"ao":0,"ks":{"a":{"a":0,"k":[102.4855,193.4138]},"s":{"a":0,"k":[100,100]},"sk":{"a":0,"k":0},"p":{"a":0,"k":[671.7335,441.0862]},"r":{"a":0,"k":0},"sa":{"a":0,"k":0},"o":{"a":0,"k":100}},"ind":24,"parent":1},{"ty":4,"nm":"Vector 47 - Stroke","sr":1,"st":0,"op":300,"ip":0,"hd":false,"ddd":0,"bm":0,"hasMask":false,"ao":0,"ks":{"a":{"a":0,"k":[0,0]},"s":{"a":0,"k":[100,100]},"sk":{"a":0,"k":0},"p":{"a":0,"k":[5.25,0]},"r":{"a":0,"k":0},"sa":{"a":0,"k":0},"o":{"a":0,"k":100}},"shapes":[{"ty":"gr","bm":0,"hd":false,"nm":"Group","np":3,"it":[{"ty":"sh","bm":0,"hd":false,"nm":"Path","d":1,"ks":{"a":0,"k":{"c":false,"i":[[0,0],[0,0],[24.2538,-13.0292],[-0.4781,-18.3785],[-19.9856,-9.2103],[-18,12.3276],[28.5327,-12.3276],[-15.4476,-18.3902],[0,-49.5],[55.5,0],[0,53.8276],[-20.7106,2.0711],[11.9683,-12.1724],[17.3015,-7.1521],[-5.3207,-10.6404],[3,11]],"o":[[0,0],[0,0],[-15.501810000000006,8.327640000000002],[0.5722300000000047,21.998350000000002],[20.393730000000005,9.398370000000014],[18,-12.327640000000002],[-28.53268,12.327640000000002],[15.44762,18.39018999999999],[0,49.5],[-55.5,0],[0,-53.82764000000003],[20.000000000000007,-2],[-11.968350000000001,12.172360000000026],[-10.468959999999996,4.327639999999974],[7.0005900000000025,14],[0,0]],"v":[[159.5035,0],[159.5035,36.5],[89.0037,36.5],[65.0037,77],[95.0019,127.8276],[165.971,123.5],[138.5037,82],[132.971,145.3276],[204.971,292.8276],[110.0019,386.8276],[0,311.8276],[52.9703,230.3276],[78.4703,267.3276],[43.4709,279.5],[33.0019,305.3276],[59.4703,297.8276]]}}},{"ty":"st","bm":0,"hd":false,"nm":"Stroke","lc":2,"lj":1,"ml":4,"o":{"a":0,"k":100},"w":{"a":0,"k":3},"c":{"a":0,"k":[0,0,0]}},{"ty":"tr","a":{"a":0,"k":[0,0]},"s":{"a":0,"k":[100,100]},"sk":{"a":0,"k":0},"p":{"a":0,"k":[0,0]},"r":{"a":0,"k":0},"sa":{"a":0,"k":0},"o":{"a":0,"k":100}}]},{"ty":"tm","bm":0,"hd":false,"nm":"Trim","e":{"a":1,"k":[{"o":{"x":0.43,"y":0.04},"i":{"x":0.6,"y":0.98},"s":[0],"t":0},{"s":[100],"t":120}]},"o":{"a":0,"k":0},"s":{"a":0,"k":0},"m":1},{"ty":"gr","bm":0,"hd":false,"nm":"Group","np":3,"it":[{"ty":"rc","bm":0,"hd":false,"nm":"Rectangle","d":1,"p":{"a":0,"k":[103.9855,194.9138]},"r":{"a":0,"k":0},"s":{"a":0,"k":[415.942,779.6552]}},{"ty":"fl","bm":0,"hd":false,"nm":"Fill","c":{"a":0,"k":[0,1,0]},"r":1,"o":{"a":0,"k":0}},{"ty":"tr","a":{"a":0,"k":[0,0]},"s":{"a":0,"k":[100,100]},"sk":{"a":0,"k":0},"p":{"a":0,"k":[0,0]},"r":{"a":0,"k":0},"sa":{"a":0,"k":0},"o":{"a":0,"k":100}}]}],"ind":25,"parent":24},{"ty":3,"nm":"Vector 51 - Null","sr":1,"st":0,"op":300,"ip":0,"hd":false,"ddd":0,"bm":0,"hasMask":false,"ao":0,"ks":{"a":{"a":0,"k":[146,0]},"s":{"a":0,"k":[100,100]},"sk":{"a":0,"k":0},"p":{"a":0,"k":[644.25,246.1724]},"r":{"a":0,"k":0},"sa":{"a":0,"k":0},"o":{"a":0,"k":100}},"ind":26,"parent":1},{"ty":4,"nm":"Vector 51 - Stroke","sr":1,"st":0,"op":300,"ip":0,"hd":false,"ddd":0,"bm":0,"hasMask":false,"ao":0,"ks":{"a":{"a":0,"k":[0,0]},"s":{"a":0,"k":[100,100]},"sk":{"a":0,"k":0},"p":{"a":0,"k":[5.25,0]},"r":{"a":0,"k":0},"sa":{"a":0,"k":0},"o":{"a":0,"k":100}},"shapes":[{"ty":"gr","bm":0,"hd":false,"nm":"Group","np":3,"it":[{"ty":"sh","bm":0,"hd":false,"nm":"Path","d":1,"ks":{"a":0,"k":{"c":false,"i":[[0,0],[0,0]],"o":[[0,0],[0,0]],"v":[[0,0],[292,0]]}}},{"ty":"st","bm":0,"hd":false,"nm":"Stroke","lc":2,"lj":1,"ml":4,"o":{"a":0,"k":100},"w":{"a":0,"k":3},"c":{"a":0,"k":[0,0,0]}},{"ty":"tr","a":{"a":0,"k":[0,0]},"s":{"a":0,"k":[100,100]},"sk":{"a":0,"k":0},"p":{"a":0,"k":[0,0]},"r":{"a":0,"k":0},"sa":{"a":0,"k":0},"o":{"a":0,"k":100}}]},{"ty":"tm","bm":0,"hd":false,"nm":"Trim","e":{"a":1,"k":[{"o":{"x":0.43,"y":0.04},"i":{"x":0.6,"y":0.98},"s":[0],"t":0},{"s":[100],"t":120}]},"o":{"a":0,"k":0},"s":{"a":0,"k":0},"m":1},{"ty":"gr","bm":0,"hd":false,"nm":"Group","np":3,"it":[{"ty":"rc","bm":0,"hd":false,"nm":"Rectangle","d":1,"p":{"a":0,"k":[147.5,1.5]},"r":{"a":0,"k":0},"s":{"a":0,"k":[590,6]}},{"ty":"fl","bm":0,"hd":false,"nm":"Fill","c":{"a":0,"k":[0,1,0]},"r":1,"o":{"a":0,"k":0}},{"ty":"tr","a":{"a":0,"k":[0,0]},"s":{"a":0,"k":[100,100]},"sk":{"a":0,"k":0},"p":{"a":0,"k":[0,0]},"r":{"a":0,"k":0},"sa":{"a":0,"k":0},"o":{"a":0,"k":100}}]}],"ind":27,"parent":26},{"ty":3,"nm":"Vector 50 - Null","sr":1,"st":0,"op":300,"ip":0,"hd":false,"ddd":0,"bm":0,"hasMask":false,"ao":0,"ks":{"a":{"a":0,"k":[78.954,111.8239]},"s":{"a":0,"k":[100,100]},"sk":{"a":0,"k":0},"p":{"a":0,"k":[763.1913,233.2912]},"r":{"a":0,"k":0},"sa":{"a":0,"k":0},"o":{"a":0,"k":100}},"ind":28,"parent":1},{"ty":4,"nm":"Vector 50 - Stroke","sr":1,"st":0,"op":300,"ip":0,"hd":false,"ddd":0,"bm":0,"hasMask":false,"ao":0,"ks":{"a":{"a":0,"k":[0,0]},"s":{"a":0,"k":[100,100]},"sk":{"a":0,"k":0},"p":{"a":0,"k":[5.25,0]},"r":{"a":0,"k":0},"sa":{"a":0,"k":0},"o":{"a":0,"k":100}},"shapes":[{"ty":"gr","bm":0,"hd":false,"nm":"Group","np":3,"it":[{"ty":"sh","bm":0,"hd":false,"nm":"Path","d":1,"ks":{"a":0,"k":{"c":false,"i":[[0,0],[0.4412,23.5385],[-25.1388,12.2098],[-26.6838,-22.2377],[5,-25.5001],[16.6841,-19.1558],[-15.7162,-14.4635],[3.4999,25.5]],"o":[[-28.5,-13.5],[-0.52376,-27.942149999999998],[31.244880000000002,-15.1755],[21,17.50099],[-5,25.500110000000006],[-13.5,15.5],[14.984629999999996,13.790269999999992],[0,0]],"v":[[44.0127,124.0317],[0.0126,68.7041],[40.5127,7.0319],[132.0127,25.0317],[156.5127,98.5317],[116.5126,160.704],[106.0127,217.0317],[145.5127,197.0317]]}}},{"ty":"st","bm":0,"hd":false,"nm":"Stroke","lc":2,"lj":1,"ml":4,"o":{"a":0,"k":100},"w":{"a":0,"k":3},"c":{"a":0,"k":[0,0,0]}},{"ty":"tr","a":{"a":0,"k":[0,0]},"s":{"a":0,"k":[100,100]},"sk":{"a":0,"k":0},"p":{"a":0,"k":[0,0]},"r":{"a":0,"k":0},"sa":{"a":0,"k":0},"o":{"a":0,"k":100}}]},{"ty":"tm","bm":0,"hd":false,"nm":"Trim","e":{"a":1,"k":[{"o":{"x":0.43,"y":0.04},"i":{"x":0.6,"y":0.98},"s":[0],"t":0},{"s":[100],"t":120}]},"o":{"a":0,"k":0},"s":{"a":0,"k":0},"m":1},{"ty":"gr","bm":0,"hd":false,"nm":"Group","np":3,"it":[{"ty":"rc","bm":0,"hd":false,"nm":"Rectangle","d":1,"p":{"a":0,"k":[80.454,113.3239]},"r":{"a":0,"k":0},"s":{"a":0,"k":[321.816,453.2956]}},{"ty":"fl","bm":0,"hd":false,"nm":"Fill","c":{"a":0,"k":[0,1,0]},"r":1,"o":{"a":0,"k":0}},{"ty":"tr","a":{"a":0,"k":[0,0]},"s":{"a":0,"k":[100,100]},"sk":{"a":0,"k":0},"p":{"a":0,"k":[0,0]},"r":{"a":0,"k":0},"sa":{"a":0,"k":0},"o":{"a":0,"k":100}}]}],"ind":29,"parent":28},{"ty":3,"nm":"Vector 49 - Null","sr":1,"st":0,"op":300,"ip":0,"hd":false,"ddd":0,"bm":0,"hasMask":false,"ao":0,"ks":{"a":{"a":0,"k":[132.9004,78.4998]},"s":{"a":0,"k":[100,100]},"sk":{"a":0,"k":0},"p":{"a":0,"k":[532.8496,168.00029999999998]},"r":{"a":0,"k":0},"sa":{"a":0,"k":0},"o":{"a":0,"k":100}},"ind":30,"parent":1},{"ty":4,"nm":"Vector 49 - Stroke","sr":1,"st":0,"op":300,"ip":0,"hd":false,"ddd":0,"bm":0,"hasMask":false,"ao":0,"ks":{"a":{"a":0,"k":[0,0]},"s":{"a":0,"k":[100,100]},"sk":{"a":0,"k":0},"p":{"a":0,"k":[5.25,0]},"r":{"a":0,"k":0},"sa":{"a":0,"k":0},"o":{"a":0,"k":100}},"shapes":[{"ty":"gr","bm":0,"hd":false,"nm":"Group","np":3,"it":[{"ty":"sh","bm":0,"hd":false,"nm":"Path","d":1,"ks":{"a":0,"k":{"c":false,"i":[[0,0],[0,35.8281],[53,0.0005],[29.499,0],[-34.5044,0],[4.2229,-21.867],[20.0141,-1.3387]],"o":[[32.994429999999994,0],[0,-38.25039],[-53,-0.00049],[-29.49897,-0.000019999999999242846],[18.999020000000005,0],[-3.8033999999999963,19.694969999999998],[0,0]],"v":[[209.8008,156.9995],[265.8008,81.9995],[173.8008,0],[21.3028,54.9991],[26.8053,15.1717],[58.3083,63.6721],[19.8083,97.6721]]}}},{"ty":"st","bm":0,"hd":false,"nm":"Stroke","lc":2,"lj":1,"ml":4,"o":{"a":0,"k":100},"w":{"a":0,"k":3},"c":{"a":0,"k":[0,0,0]}},{"ty":"tr","a":{"a":0,"k":[0,0]},"s":{"a":0,"k":[100,100]},"sk":{"a":0,"k":0},"p":{"a":0,"k":[0,0]},"r":{"a":0,"k":0},"sa":{"a":0,"k":0},"o":{"a":0,"k":100}}]},{"ty":"tm","bm":0,"hd":false,"nm":"Trim","e":{"a":1,"k":[{"o":{"x":0.43,"y":0.04},"i":{"x":0.6,"y":0.98},"s":[0],"t":0},{"s":[100],"t":120}]},"o":{"a":0,"k":0},"s":{"a":0,"k":0},"m":1},{"ty":"gr","bm":0,"hd":false,"nm":"Group","np":3,"it":[{"ty":"rc","bm":0,"hd":false,"nm":"Rectangle","d":1,"p":{"a":0,"k":[134.4004,79.99975]},"r":{"a":0,"k":0},"s":{"a":0,"k":[537.6016,319.999]}},{"ty":"fl","bm":0,"hd":false,"nm":"Fill","c":{"a":0,"k":[0,1,0]},"r":1,"o":{"a":0,"k":0}},{"ty":"tr","a":{"a":0,"k":[0,0]},"s":{"a":0,"k":[100,100]},"sk":{"a":0,"k":0},"p":{"a":0,"k":[0,0]},"r":{"a":0,"k":0},"sa":{"a":0,"k":0},"o":{"a":0,"k":100}}]}],"ind":31,"parent":30}]}]}