{
  "timeline": [
    {
      "2024": [
        {
          "Sept": [
            {
              "id": "SEPT-26-1",
              "containerType": "1",
              "containerName": "CircleQuoteContainer",
              "title": "PM Modi dedicates to nation three PARAM Rudra Supercomputers via video conferencing",
              "Quote": "We have agreed on a social security agreement",
              "date": "September 26, 2024",
              "mainImage": "/assets/components_image/one_1.jpg",
              "subImage": "/assets/components_image/2024_2.avif",
              "lineType": 1,

              "href": "https://www.narendramodi.in/prime-minister-narendra-modi-dedicates-to-nation-3-param-rudra-supercomputers-high-performance-computing-system-586578"
            },
            {
              "id": "SEPT-23-2",
              "containerType": "2",
              "containerName": "SquareImageContainer",
              "title": "PM Modi attends the CEOs Roundtable",
              "hashTag": "roundtable",
              "date": "September 23, 2024",
              "mainImage": "/assets/components_image/two.avif",
              "subImage": "/assets/components_image/two_2.avif",
              "lineType": 2,
              "href": "https://www.narendramodi.in/prime-minister-narendra-modi-attends-the-ceos-roundtable-586419"
            }
          ],
          "Aug": [
            {
              "id": "AUG-11-1",
              "containerType": "3",
              "containerName": "HashtagContainer",
              "tag": "bilateraltalks",
              "title": "PM Modi releases 109 high yielding, climate resilient and biofortified varieties of crops",
              "date": "August 11, 2024",
              "mainImage": "/assets/components_image/three_1.avif",
              "lineType": 3,
              "href": "https://www.narendramodi.in/prime-minister-narendra-modi-releases-109-high-yielding-climate-resilient-and-biofortified-varieties-of-crops-584993"
            }
          ]
        }
      ]
    },
    {
      "2023": [
        {
          "March": [
            {
              "id": "AUG-23-1",
              "containerType": "4",
              "containerName": "VideoContainer",
              "title": "PM Modi takes part in the 15th BRICS Summit at Johannesburg, South Africa",
              "date": "August 23, 2023",
              "videoUrl": "https://www.youtube.com/embed/QOHSLkLMupM?si=9qNJz5ruMxJn1k2j",
              "lineType": 4,
              "href": "https://www.narendramodi.in/prime-minister-narendra-modi-s-participation-in-the-15th-brics-summit-573183"
            }
          ],
          "January": [
            {
              "id": "JAN-19-2",
              "containerType": "5",
              "containerName": "SingleImageContainer",
              "title": "PM Modi launches multiple development initiatives during Mumbai visit",
              "date": "January 19, 2023",
              "mainImage": "/assets/components_image/four_1.jpg",
              "hashTags": ["#Mumbai", "#development"],
              "lineType": 5,
              "href": "https://www.narendramodi.in/prime-minister-narendra-modi-launches-development-projects-and-transfers-benefits-under-pm-svanidhi-in-mumbai-567233"
            }
          ]
        }
      ]
    },
    {
      "2022": [
        {
          "Mar": [
            {
              "id": "MARCH-23-3",
              "containerType": "6",
              "containerName": "SquareQuoteContainer",
              "title": "PM Modi casts his vote for Gujarat Assembly election in Ahmedabad",
              "Qoute": "Elections are like festivals of democracy",
              "date": "21st June, 2022",
              "mainImage": "/assets/components_image/five_1.jpg",
              "subImage": "/assets/components_image/2024_2.avif",
              "lineType": 6,
              "href": "https://www.narendramodi.in/prime-minister-narendra-modi-casts-his-vote-for-gujarat-assembly-election-in-gandhinagar-december-twenty-twenty-two-566257"
            }
          ]
        }
      ]
    },
    {
      "2021": [
        {
          "March": [
            {
              "id": "AUG-21-1",
              "containerType": "1",
              "containerName": "SquareImageContainer",
              "title": "PM addresses the nation on achieving the milestone of 100 crore vaccinations",
              "hashTag": "vaccinations",
              "Quote": "Elections are like festivals of democracy",
              "date": "15th August, 2021",
              "mainImage": "/assets/components_image/six_1.avif",
              "subImage": "/assets/components_image/six_2.jpg",
              "lineType": 1,
              "href": "https://www.narendramodi.in/prime-minister-narendra-modi-s-address-to-the-nation-22nd-october-557988"
            }
          ]
        }
      ]
    },
    {
      "2020": [
        {
          "July": [
            {
              "id": "JULY-17-1",
              "containerType": "2",
              "containerName": "HashtagContainer",
              "tag": "bilateraltalks",
              "title": "PM Modi delivers keynote address at United Nations Economic and Social Council session",
              "date": "July 17, 2020",
              "mainImage": "/assets/components_image/2020.avif",
              "subImage": "/assets/components_image/2020_2.avif",
              "lineType": 2,
              "href": "https://www.narendramodi.in/prime-minister-narendra-modi-releases-109-high-yielding-climate-resilient-and-biofortified-varieties-of-crops-584993"
            }
          ]
        }
      ]
    },
    {
      "2019": [
        {
          "Jan": [
            {
              "id": "JAN-14-1",
              "containerType": "3",
              "containerName": "HashtagContainer",
              "tag": "bilateraltalks",
              "title": "First-ever Philip Kotler Presidential award presented to PM",
              "date": "January 14, 2019",
              "mainImage": "/assets/components_image/2019_1.jpg",
              "lineType": 3,
              "href": "https://www.narendramodi.in/prime-minister-narendra-modi-releases-109-high-yielding-climate-resilient-and-biofortified-varieties-of-crops-584993"
            }
          ]
        }
      ]
    },
    {
      "2018": [
        {
          "July": [
            {
              "id": "JULY-23-1",
              "containerType": "4",
              "containerName": "VideoContainer",
              "title": "Prime Minister Modi addresses the Parliament of Uganda",
              "date": "July 25, 2018",
              "videoUrl": "https://www.youtube.com/embed/qTuDo7fYXgw?si=h1N_il7QSXr4iy7N",
              "lineType": 4,
              "href": ""
            }
          ]
        }
      ]
    },
    {
      "2017": [
        {
          "Nov": [
            {
              "id": "NOVEMBER-23-2",
              "containerType": "5",
              "containerName": "SingleImageContainer",
              "title": "PM Modi inaugurates Global Entrepreneurship Summit-2017 in Hyderabad",
              "date": "November 28, 2017",
              "mainImage": "/assets/components_image/2017.avif",
              "hashTags": ["#Start-Up", "#GES2017"],
              "lineType": 5,
              "href": ""
            }
          ]
        }
      ]
    },
    {
      "2016": [
        {
          "Jan": [
            {
              "id": "MARCH-23-3",
              "containerType": "6",
              "containerName": "SquareQuoteContainer",
              "title": "Historic announcements on ending corruption and black money by PM Narendra Modi",
              "Qoute": "Raising the issue of black money at the world stage",
              "date": "November 08, 2016",
              "mainImage": "/assets/components_image/2016.jpg",
              "subImage": "/assets/components_image/2016_2.jpg",
              "lineType": 6,
              "href": ""
            }
          ]
        }
      ]
    },
    {
      "2015": [
        {
          "March": [
            {
              "id": "JAN-24-1",
              "containerType": "1",
              "containerName": "CircleQuoteContainer",
              "title": "Taking a step forward to Jan Suraksha, PM Shri Modi launches three social security schemes in Kolkata",
              "Quote": "We will expand our development partnership",
              "date": "May 09, 2015",
              "mainImage": "/assets/components_image/2015.jpg",
              "subImage": "/assets/components_image/2015_2.jpg",
              "lineType": 1,
              "href": "https://www.narendramodi.in/prime-minister-narendra-modis-meeting-with-prime-minister-of-the-republic-of-poland-585328"
            }
          ]
        }
      ]
    }
  ]
}
