{"v":"5.9.6","fr":24,"ip":0,"op":121,"w":1920,"h":1080,"nm":"Desktop Lottie Animation","ddd":0,"assets":[{"id":"comp_0","nm":"Milestone 3 Icon Group","fr":24,"layers":[{"ddd":0,"ind":1,"ty":1,"nm":"Milestone 3 Icon","sr":1,"ks":{"o":{"a":0,"k":100,"ix":11},"r":{"a":0,"k":0,"ix":10},"p":{"a":0,"k":[960,540,0],"ix":2,"l":2},"a":{"a":0,"k":[960,540,0],"ix":1,"l":2},"s":{"a":0,"k":[100,100,100],"ix":6,"l":2}},"ao":0,"sw":1920,"sh":1080,"sc":"#ffffff","ip":0,"op":240,"st":0,"bm":0}]},{"id":"comp_1","nm":"Milestone 1 Icon Group","fr":24,"layers":[{"ddd":0,"ind":1,"ty":1,"nm":"Milestone 1 Icon","sr":1,"ks":{"o":{"a":0,"k":100,"ix":11},"r":{"a":0,"k":0,"ix":10},"p":{"a":0,"k":[960,540,0],"ix":2,"l":2},"a":{"a":0,"k":[960,540,0],"ix":1,"l":2},"s":{"a":0,"k":[100,100,100],"ix":6,"l":2}},"ao":0,"sw":1920,"sh":1080,"sc":"#ffffff","ip":0,"op":240,"st":0,"bm":0}]}],"layers":[{"ddd":0,"ind":2,"ty":0,"nm":"Milestone 3 Icon Group","parent":3,"refId":"comp_0","sr":1,"ks":{"o":{"a":0,"k":100,"ix":11},"r":{"a":0,"k":0,"ix":10},"p":{"a":0,"k":[-21.943,73.866,0],"ix":2,"l":2},"a":{"a":0,"k":[1084.93,549.533,0],"ix":1,"l":2},"s":{"a":0,"k":[166.667,166.667,100],"ix":6,"l":2}},"ao":0,"hasMask":true,"masksProperties":[{"inv":false,"mode":"f","pt":{"a":0,"k":{"i":[[2.184,0],[0,-2.184],[1.105,0],[-1.987,0],[0,2.908]],"o":[[-2.184,0],[0,1.723],[1.21,1.605],[2.908,0],[0,-2.184]],"v":[[1079.666,553.103],[1075.719,557.05],[1073.088,559.682],[1078.351,562.313],[1083.613,557.05]],"c":true},"ix":1},"o":{"a":0,"k":100,"ix":3},"x":{"a":0,"k":0,"ix":4},"nm":"Mask 1"},{"inv":false,"mode":"f","pt":{"a":0,"k":{"i":[[0.513,0.513],[0,0],[0.513,-0.513],[0,0],[0,0],[0,0]],"o":[[0,0],[-0.513,-0.513],[0,0],[0,0],[0,0],[0.513,-0.513]],"v":[[1097.704,540.776],[1095.941,539.013],[1094.086,539.013],[1082.298,550.801],[1085.916,554.419],[1097.704,542.631]],"c":true},"ix":1},"o":{"a":0,"k":100,"ix":3},"x":{"a":0,"k":0,"ix":4},"nm":"Mask 2"}],"w":1920,"h":1080,"ip":0,"op":121,"st":0,"bm":0},{"ddd":0,"ind":3,"ty":4,"nm":"Milestone 3","parent":15,"sr":1,"ks":{"o":{"a":0,"k":100,"ix":11},"r":{"a":0,"k":0,"ix":10},"p":{"a":0,"k":[251.654,-50.512,0],"ix":2,"l":2},"a":{"a":0,"k":[-20,76,0],"ix":1,"l":2},"s":{"a":1,"k":[{"i":{"x":[0.35,0.35,0.35],"y":[1,1,1]},"o":{"x":[0.65,0.65,0.65],"y":[0,0,0]},"t":80,"s":[0,0,100]},{"i":{"x":[0.134,0.134,0.35],"y":[1,1,1]},"o":{"x":[0.65,0.65,0.65],"y":[0,0,0]},"t":97,"s":[68,68,100]},{"t":114,"s":[60,60,100]}],"ix":6,"l":2}},"ao":0,"shapes":[{"ty":"gr","it":[{"d":1,"ty":"el","s":{"a":0,"k":[96,96],"ix":2},"p":{"a":0,"k":[0,0],"ix":3},"nm":"Ellipse Path 1","mn":"ADBE Vector Shape - Ellipse","hd":false},{"ty":"st","c":{"a":0,"k":[1,1,1,1],"ix":3},"o":{"a":0,"k":100,"ix":4},"w":{"a":0,"k":5,"ix":5},"lc":1,"lj":1,"ml":4,"bm":0,"nm":"Stroke 1","mn":"ADBE Vector Graphic - Stroke","hd":false},{"ty":"fl","c":{"a":0,"k":[0.968627510819,0.670588235294,0,1],"ix":4},"o":{"a":0,"k":100,"ix":5},"r":1,"bm":0,"nm":"Fill 1","mn":"ADBE Vector Graphic - Fill","hd":false},{"ty":"tr","p":{"a":0,"k":[-20,76],"ix":2},"a":{"a":0,"k":[0,0],"ix":1},"s":{"a":0,"k":[100,100],"ix":3},"r":{"a":0,"k":0,"ix":6},"o":{"a":0,"k":100,"ix":7},"sk":{"a":0,"k":0,"ix":4},"sa":{"a":0,"k":0,"ix":5},"nm":"Transform"}],"nm":"Ellipse 1","np":3,"cix":2,"bm":0,"ix":1,"mn":"ADBE Vector Group","hd":false}],"ip":0,"op":121,"st":2,"ct":1,"bm":0},{"ddd":0,"ind":4,"ty":0,"nm":"Milestone 3 Icon Group","parent":5,"refId":"comp_0","sr":1,"ks":{"o":{"a":0,"k":100,"ix":11},"r":{"a":0,"k":0,"ix":10},"p":{"a":0,"k":[-19.927,75.021,0],"ix":2,"l":2},"a":{"a":0,"k":[1084.93,549.533,0],"ix":1,"l":2},"s":{"a":0,"k":[167.797,167.797,100],"ix":6,"l":2}},"ao":0,"hasMask":true,"masksProperties":[{"inv":false,"mode":"f","pt":{"a":0,"k":{"i":[[1.385,0],[0,0],[0,0],[3.474,0],[0,-3.474],[0,0],[0,0],[0,-1.385],[0,0],[-1.385,0],[0,0],[0,0],[0,0],[0,0],[0,0],[0,0],[0,0],[-3.973,0],[0,0],[0,0],[0,0],[0,0],[0,0],[0,0],[0,0],[0,0],[0,1.385],[0,0]],"o":[[0,0],[0,0],[0,-3.474],[-3.474,0],[0,0],[0,0],[-1.385,0],[0,0],[0,1.385],[0,0],[0,0],[0,0],[0,0],[0,0],[0,0],[0,0],[0,0],[4.718,0],[0,0],[0,0],[0,0],[0,0],[0,0],[0,0],[0,0],[1.385,0],[0,0],[0,-1.385]],"v":[[1092.483,545.128],[1091.224,545.128],[1091.224,542.61],[1084.93,536.316],[1078.636,542.61],[1078.636,545.128],[1077.377,545.128],[1074.86,547.645],[1074.86,560.232],[1077.377,562.75],[1085.176,562.817],[1085.224,560.372],[1077.412,560.37],[1077.577,547.625],[1084.32,547.615],[1084.415,544.832],[1081.013,544.882],[1084.862,538.582],[1088.755,544.817],[1084.427,544.79],[1084.326,547.635],[1092.639,547.699],[1092.529,560.309],[1085.178,560.371],[1085.201,562.792],[1092.483,562.75],[1095,560.232],[1095,547.645]],"c":true},"ix":1},"o":{"a":0,"k":100,"ix":3},"x":{"a":0,"k":0,"ix":4},"nm":"Mask 1"},{"inv":false,"mode":"f","pt":{"a":0,"k":{"i":[[-1.385,0],[0,1.385],[1.385,0],[0,-1.385]],"o":[[1.385,0],[0,-1.385],[-1.385,0],[0,1.385]],"v":[[1084.93,556.456],[1087.448,553.939],[1084.93,551.421],[1082.412,553.939]],"c":true},"ix":1},"o":{"a":0,"k":100,"ix":3},"x":{"a":0,"k":0,"ix":4},"nm":"Mask 4"}],"w":1920,"h":1080,"ip":0,"op":121,"st":0,"bm":0},{"ddd":0,"ind":5,"ty":4,"nm":"Milestone 2","parent":15,"sr":1,"ks":{"o":{"a":0,"k":100,"ix":11},"r":{"a":0,"k":0,"ix":10},"p":{"a":0,"k":[-62.346,32.488,0],"ix":2,"l":2},"a":{"a":0,"k":[-20,76,0],"ix":1,"l":2},"s":{"a":1,"k":[{"i":{"x":[0.35,0.35,0.35],"y":[1,1,1]},"o":{"x":[0.65,0.65,0.65],"y":[0,0,0]},"t":78,"s":[0,0,100]},{"i":{"x":[0.134,0.134,0.35],"y":[1,1,1]},"o":{"x":[0.65,0.65,0.65],"y":[0,0,0]},"t":95,"s":[68,68,100]},{"t":112,"s":[60,60,100]}],"ix":6,"l":2}},"ao":0,"shapes":[{"ty":"gr","it":[{"d":1,"ty":"el","s":{"a":0,"k":[96,96],"ix":2},"p":{"a":0,"k":[0,0],"ix":3},"nm":"Ellipse Path 1","mn":"ADBE Vector Shape - Ellipse","hd":false},{"ty":"st","c":{"a":0,"k":[1,1,1,1],"ix":3},"o":{"a":0,"k":100,"ix":4},"w":{"a":0,"k":5,"ix":5},"lc":1,"lj":1,"ml":4,"bm":0,"nm":"Stroke 1","mn":"ADBE Vector Graphic - Stroke","hd":false},{"ty":"fl","c":{"a":0,"k":[0.917647118662,0.262745098039,0.207843152214,1],"ix":4},"o":{"a":0,"k":100,"ix":5},"r":1,"bm":0,"nm":"Fill 1","mn":"ADBE Vector Graphic - Fill","hd":false},{"ty":"tr","p":{"a":0,"k":[-20,76],"ix":2},"a":{"a":0,"k":[0,0],"ix":1},"s":{"a":0,"k":[100,100],"ix":3},"r":{"a":0,"k":0,"ix":6},"o":{"a":0,"k":100,"ix":7},"sk":{"a":0,"k":0,"ix":4},"sa":{"a":0,"k":0,"ix":5},"nm":"Transform"}],"nm":"Ellipse 1","np":3,"cix":2,"bm":0,"ix":1,"mn":"ADBE Vector Group","hd":false}],"ip":0,"op":121,"st":3,"ct":1,"bm":0},{"ddd":0,"ind":6,"ty":0,"nm":"Milestone 1 Icon Group","parent":7,"refId":"comp_1","sr":1,"ks":{"o":{"a":0,"k":100,"ix":11},"r":{"a":0,"k":0,"ix":10},"p":{"a":0,"k":[119.215,122.381,0],"ix":2,"l":2},"a":{"a":0,"k":[452.591,501.036,0],"ix":1,"l":2},"s":{"a":0,"k":[166.667,166.667,100],"ix":6,"l":2}},"ao":0,"hasMask":true,"masksProperties":[{"inv":false,"mode":"a","pt":{"a":0,"k":{"i":[[5.062,0],[0,-6.188],[0,0],[0,0],[0,2],[-2.375,0],[0,-2.812],[0,0],[0,0],[0,5.812]],"o":[[-5.375,0],[0,6.687],[0,0],[0,0],[0,-1.5],[2,0],[0,2.562],[0,0],[0,0],[0,-5.938]],"v":[[452.536,487.375],[442.848,497.125],[452.161,514.75],[452.161,501.188],[449.223,497.75],[452.348,494.125],[455.661,497.688],[452.223,501.188],[452.223,514.75],[462.036,497.188]],"c":true},"ix":1},"o":{"a":0,"k":100,"ix":3},"x":{"a":0,"k":0,"ix":4},"nm":"Mask 1"}],"w":1920,"h":1080,"ip":0,"op":121,"st":0,"bm":0},{"ddd":0,"ind":7,"ty":4,"nm":"Milestone 1","parent":15,"sr":1,"ks":{"o":{"a":0,"k":100,"ix":11},"r":{"a":0,"k":0,"ix":10},"p":{"a":0,"k":[-607.346,11.238,0],"ix":2,"l":2},"a":{"a":0,"k":[119.32,122.718,0],"ix":1,"l":2},"s":{"a":1,"k":[{"i":{"x":[0.35,0.35,0.35],"y":[1,1,1]},"o":{"x":[0.65,0.65,0.65],"y":[0,0,0]},"t":75,"s":[0,0,100]},{"i":{"x":[0.134,0.134,0.35],"y":[1,1,1]},"o":{"x":[0.65,0.65,0.65],"y":[0,0,0]},"t":92,"s":[68,68,100]},{"t":109,"s":[60,60,100]}],"ix":6,"l":2}},"ao":0,"shapes":[{"ty":"gr","it":[{"d":1,"ty":"el","s":{"a":0,"k":[96,96],"ix":2},"p":{"a":0,"k":[0,0],"ix":3},"nm":"Ellipse Path 1","mn":"ADBE Vector Shape - Ellipse","hd":false},{"ty":"st","c":{"a":0,"k":[1,1,1,1],"ix":3},"o":{"a":0,"k":100,"ix":4},"w":{"a":0,"k":5,"ix":5},"lc":1,"lj":1,"ml":4,"bm":0,"nm":"Stroke 1","mn":"ADBE Vector Graphic - Stroke","hd":false},{"ty":"fl","c":{"a":0,"k":[0.254901960784,0.521568627451,0.956862804936,1],"ix":4},"o":{"a":0,"k":100,"ix":5},"r":1,"bm":0,"nm":"Fill 1","mn":"ADBE Vector Graphic - Fill","hd":false},{"ty":"tr","p":{"a":0,"k":[119.32,122.718],"ix":2},"a":{"a":0,"k":[0,0],"ix":1},"s":{"a":0,"k":[100,100],"ix":3},"r":{"a":0,"k":0,"ix":6},"o":{"a":0,"k":100,"ix":7},"sk":{"a":0,"k":0,"ix":4},"sa":{"a":0,"k":0,"ix":5},"nm":"Transform"}],"nm":"Ellipse 1","np":3,"cix":2,"bm":0,"ix":1,"mn":"ADBE Vector Group","hd":false}],"ip":0,"op":121,"st":1,"ct":1,"bm":0},{"ddd":0,"ind":8,"ty":4,"nm":"Loader","parent":15,"sr":1,"ks":{"o":{"a":0,"k":100,"ix":11},"r":{"a":0,"k":0,"ix":10},"p":{"a":0,"k":[-2630,0,0],"ix":2,"l":2},"a":{"a":0,"k":[0,0,0],"ix":1,"l":2},"s":{"a":0,"k":[100,100,100],"ix":6,"l":2}},"ao":0,"shapes":[{"ty":"gr","it":[{"ty":"rc","d":1,"s":{"a":0,"k":[491.5,101],"ix":2},"p":{"a":0,"k":[0,0],"ix":3},"r":{"a":0,"k":86,"ix":4},"nm":"Rectangle Path 1","mn":"ADBE Vector Shape - Rect","hd":false},{"ty":"st","c":{"a":0,"k":[0,0,0,1],"ix":3},"o":{"a":0,"k":100,"ix":4},"w":{"a":0,"k":1.5,"ix":5},"lc":1,"lj":1,"ml":4,"bm":0,"nm":"Stroke 1","mn":"ADBE Vector Graphic - Stroke","hd":false},{"ty":"tr","p":{"a":0,"k":[-0.25,0],"ix":2},"a":{"a":0,"k":[0,0],"ix":1},"s":{"a":0,"k":[100,100],"ix":3},"r":{"a":0,"k":0,"ix":6},"o":{"a":0,"k":100,"ix":7},"sk":{"a":0,"k":0,"ix":4},"sa":{"a":0,"k":0,"ix":5},"nm":"Transform"}],"nm":"Rectangle 1","np":3,"cix":2,"bm":0,"ix":1,"mn":"ADBE Vector Group","hd":false},{"ty":"tm","s":{"a":1,"k":[{"i":{"x":[0.528],"y":[1]},"o":{"x":[0.258],"y":[0]},"t":-36,"s":[0]},{"t":0,"s":[100]}],"ix":1},"e":{"a":1,"k":[{"i":{"x":[0.363],"y":[1]},"o":{"x":[0.742],"y":[0]},"t":2.4,"s":[0]},{"t":40.7998046875,"s":[100]}],"ix":2},"o":{"a":0,"k":270,"ix":3},"m":1,"ix":2,"nm":"Trim Paths 1","mn":"ADBE Vector Filter - Trim","hd":false}],"ip":0,"op":38,"st":-24,"ct":1,"bm":0},{"ddd":0,"ind":9,"ty":4,"nm":"Line","parent":15,"sr":1,"ks":{"o":{"a":0,"k":100,"ix":11},"r":{"a":0,"k":0,"ix":10},"p":{"a":0,"k":[-747.5,-1.25,0],"ix":2,"l":2},"a":{"a":0,"k":[0,0,0],"ix":1,"l":2},"s":{"a":0,"k":[100,100,100],"ix":6,"l":2}},"ao":0,"shapes":[{"ty":"gr","it":[{"ind":0,"ty":"sh","ix":1,"ks":{"a":0,"k":{"i":[[-24.885,0.115],[-108.64,18.989],[-117.783,-4.155],[-165.431,1.738],[-81.284,52.672],[-36.824,-30.472],[-2.804,-12.666],[1.69,-7.507],[6.686,0.256],[1.895,6.287],[1.371,1.91],[-0.312,8.984],[-3.335,-1.66],[-1.294,2.484],[-6.607,-0.897],[-6.612,-4.422],[-1.073,-6.292],[-2.395,-4.618],[2.378,0.314],[5.512,0.815],[2.762,5.061],[-5.066,6.559],[-1.874,6.363],[12.293,4.165],[4.532,-7.036],[4.251,-24.549],[-1.272,-0.6],[-14.112,-1.913],[2.376,4.419],[6.107,-24.402],[-0.696,-10.975],[-0.679,-16.552],[-0.868,-36.77],[-0.584,-14.104],[-1.61,-22.867],[2.088,-2.241],[2.86,11.99],[0.227,0.199],[3.106,0.096],[8.252,-1.211],[0.154,8.915],[0.608,22.736],[0.571,13.386],[5.755,0.372],[1.024,-10.985],[0.93,-16.106],[0.605,6.179],[1.213,-0.77],[-3.177,-4.31],[0.859,-1.035],[-3.484,5.347],[0.368,1.131],[1.253,1.398],[-5.281,21.418],[-5.695,18.765],[0,0],[-1.62,-16.047],[-5.004,-14.566],[3.232,-4.007],[-10.011,30.023],[-7.5,19.001],[4.579,-4.651],[-7.296,-6.772],[-2.914,-13.55],[1.427,-22.411],[-8.224,-13.282],[6.076,-1.49],[13.802,-2.19],[3.423,-8.399],[6.65,4.659],[-1.982,1.493],[2.136,0.228],[5.131,1.054],[-0.702,8.712],[-2.692,4.257],[1.505,15.809],[1.023,5.682],[-2.955,0.397],[0.479,-8.903],[-3.225,-11.739],[1.181,-25.647],[-0.872,-7.017],[-0.117,-0.171],[-51.625,6.154],[-109.888,3.062],[-16.078,-8.374],[-28.482,18.423],[-1.028,1.699],[25.307,26.577],[19.49,-23.51],[-26.525,-21.046],[-20.82,14.934],[-1.008,-0.997],[-5.897,-6.005],[-13.395,-13.049],[-1.984,2.225],[3.239,3.694],[5.275,4.562],[-5.913,-6.379],[-17.096,-15.354],[-14.708,-2.865],[-190.169,11.332],[9.42,-39.752],[19,0],[-4,5.5],[-6.001,-15],[3.498,2.5],[-2.001,6.5],[-6.501,-0.5],[0.999,-4.5],[0,0],[-6,-3],[-3.499,-10.5],[-6.003,-1],[0.998,6],[13.499,-1],[1.001,-5.5],[-2.501,-2],[-11.999,0],[0,0],[-0.5,-6.5],[-5.999,0],[1.498,14.5],[5.002,0],[-1.502,-6],[-284.001,-58],[-400,-64]],"o":[[97.847,-0.452],[156.572,-27.367],[149.002,5.257],[108.561,-1.14],[64.702,-41.927],[-0.015,0.055],[0.366,2.318],[-0.369,0.949],[-3.21,-0.123],[-0.319,-1.053],[-0.939,-1.188],[0.044,-1.272],[-0.072,0.087],[0.729,-1.4],[7.136,0.968],[3.895,2.605],[0.499,2.92],[1.062,2.046],[-1.056,-0.139],[-3.763,-0.556],[-0.801,-1.47],[2.453,-3.175],[1.356,-4.598],[-3.252,-1.101],[-4.66,7.233],[-0.838,4.835],[0.451,0.213],[0.271,0.041],[-0.055,-0.324],[-0.463,1.849],[0.28,4.411],[0.176,4.344],[0.204,8.634],[0.384,9.258],[0.81,11.51],[-2.411,2.589],[-2.779,-11.648],[0.727,14.199],[-1.087,-0.033],[-2.098,0.308],[-0.263,-15.114],[-0.339,-12.684],[-0.494,-11.542],[-8.749,-0.565],[-0.877,9.406],[-0.319,5.522],[-0.414,-4.246],[-3.091,1.965],[2.848,3.862],[-4.612,5.558],[2.103,-3.226],[-0.208,-0.637],[-1.003,-1.118],[9.847,-39.936],[3.922,-12.919],[-3.178,10.802],[1.627,16.125],[2.889,8.407],[-4.761,5.901],[3.302,-9.909],[1.849,-4.685],[-3.528,3.583],[10.202,9.468],[0.872,4.048],[-0.918,14.434],[5.578,9.009],[-3.981,0.976],[-1.57,0.249],[-3.187,7.822],[-1.394,-0.976],[1.76,-1.323],[-4.732,-0.505],[-1.945,-0.4],[0.527,-6.519],[5.299,-8.374],[-0.956,-10.057],[-0.493,-2.74],[6.039,-0.812],[-0.177,3.272],[2.793,10.174],[-0.213,4.63],[1.009,8.104],[37.456,54.295],[151.018,-18.003],[50.615,-1.411],[27.348,14.243],[0.659,-0.588],[1.126,-1.863],[-7.409,-7.781],[-6.742,8.133],[10.245,8.129],[-0.012,0.076],[0.251,0.244],[10.423,10.614],[3.845,3.746],[4.262,-4.78],[-10.548,-12.035],[-5.275,-4.562],[7.2,7.768],[10.884,9.775],[119.776,23.329],[170.927,-10.186],[-5.821,24.568],[-18.999,0],[4.001,-5.5],[6,15],[-3.502,-2.5],[2,-6.5],[6.5,0.5],[-1.001,4.5],[0,0],[5.999,3],[3.5,10.5],[5.999,1],[0,-2],[-13.501,1],[-1,5.5],[2.499,2],[12,0],[0,0],[0.5,6.5],[6.002,0],[-1.499,-14.5],[-4.998,0],[1.498,6],[283.996,58],[400,64]],"v":[[-1883.139,-49.17],[-1598.072,-70.384],[-1238.502,-148.007],[-898.445,-33.61],[-593.586,-254.823],[-344.06,-275.528],[-327.58,-249.834],[-329.199,-222.743],[-345.195,-210.256],[-362.136,-223.241],[-363.38,-227.535],[-370.697,-242.484],[-364.187,-242.087],[-364.215,-251.109],[-349.27,-265.968],[-327.154,-271.605],[-316.436,-240.083],[-310.241,-216.705],[-301.518,-199.154],[-312.998,-203.46],[-328.453,-211.089],[-327.192,-222.184],[-322.865,-238.277],[-338.052,-273.665],[-360.166,-270.089],[-373.598,-230.173],[-380.263,-193.474],[-355.571,-200.144],[-357.396,-213.594],[-363.616,-179.598],[-366.938,-143.275],[-364.82,-99.408],[-355.766,-25.979],[-351.267,78.742],[-345.194,112.99],[-339.722,151.241],[-371.744,126.01],[-374.861,104.301],[-374.989,128.166],[-389.886,124.711],[-389.12,75.864],[-387.742,-0.236],[-394.39,-55.458],[-383.385,-103.185],[-388.408,-70.015],[-395.044,-30.472],[-399.488,-34.429],[-402.292,-38.965],[-400.206,-26.94],[-392.771,-22.558],[-410.452,-36.805],[-398.944,-48.148],[-412.381,-43.632],[-396.982,-108.564],[-387.805,-180.581],[-363.456,-195.552],[-370.011,-139.375],[-366.522,-86.657],[-354.866,-67.993],[-338.328,-134.065],[-325.133,-184.751],[-324.161,-204.303],[-293.085,-192.468],[-283.55,-157.05],[-279.354,-108.248],[-273.96,-69.01],[-275.21,-47.76],[-292.437,-53.56],[-279.556,-42.101],[-298.239,-25.024],[-292.074,-30.719],[-290.018,-45.728],[-295.266,-32.554],[-296.161,-48.731],[-296.183,-60.376],[-298.389,-91.309],[-302.215,-132.225],[-300.928,-140.397],[-307.752,-112.557],[-306.409,-88.511],[-302.064,-44.603],[-303.011,-4.733],[-293.841,21.955],[-138.979,93.253],[231.927,-2.812],[322.193,19.507],[390.133,17.588],[385.434,12.52],[383.663,-41.368],[325.491,-39.872],[330.567,17.796],[382.361,17.066],[389.54,23.506],[392.688,32.255],[428.196,67.504],[438.529,68.53],[436.053,59.055],[399.816,24.062],[394.446,26.324],[437.846,68.604],[482.623,86.921],[955.699,-48.564],[1292.449,62.682],[1232.126,81.25],[1191.127,76.75],[1210.628,90.75],[1195.129,108.75],[1148.127,65.25],[1198.127,22.25],[1210.628,37.25],[1188.126,56.75],[1283.128,57.25],[1299.627,86.25],[1316.628,111.75],[1344.628,107.75],[1304.627,107.25],[1280.126,114.75],[1282.628,130.75],[1338.126,131.75],[1372.626,130.75],[1347.127,156.75],[1358.125,170.75],[1404.627,120.25],[1358.125,69.75],[1344.628,83.75],[1773.501,285.25],[2877.5,121.25]],"c":false},"ix":2},"nm":"Path 1","mn":"ADBE Vector Shape - Group","hd":false},{"ty":"st","c":{"a":0,"k":[0,0,0,1],"ix":3},"o":{"a":0,"k":100,"ix":4},"w":{"a":0,"k":1.5,"ix":5},"lc":1,"lj":1,"ml":4,"bm":0,"nm":"Stroke 1","mn":"ADBE Vector Graphic - Stroke","hd":false},{"ty":"tr","p":{"a":0,"k":[0,0],"ix":2},"a":{"a":0,"k":[0,0],"ix":1},"s":{"a":0,"k":[100,100],"ix":3},"r":{"a":0,"k":0,"ix":6},"o":{"a":0,"k":100,"ix":7},"sk":{"a":0,"k":0,"ix":4},"sa":{"a":0,"k":0,"ix":5},"nm":"Transform"}],"nm":"Shape 1","np":3,"cix":2,"bm":0,"ix":1,"mn":"ADBE Vector Group","hd":false},{"ty":"tm","s":{"a":1,"k":[{"i":{"x":[0.875],"y":[0.601]},"o":{"x":[0.511],"y":[0]},"t":4,"s":[0]},{"i":{"x":[0.715],"y":[0.905]},"o":{"x":[0.386],"y":[0.085]},"t":72,"s":[17.417]},{"i":{"x":[0.385],"y":[1]},"o":{"x":[0.455],"y":[0.649]},"t":80,"s":[47]},{"t":129.9998046875,"s":[90]}],"ix":1},"e":{"a":1,"k":[{"i":{"x":[0.833],"y":[0.833]},"o":{"x":[0.167],"y":[0.167]},"t":38,"s":[0]},{"t":98.9998046875,"s":[10]}],"ix":2},"o":{"a":0,"k":0,"ix":3},"m":1,"ix":2,"nm":"Trim Paths 1","mn":"ADBE Vector Filter - Trim","hd":false}],"ip":0,"op":121,"st":7.2,"ct":1,"bm":0},{"ddd":0,"ind":10,"ty":1,"nm":"Medium Gray-Turquoise Solid 1","parent":15,"sr":1,"ks":{"o":{"a":1,"k":[{"i":{"x":[0.833],"y":[0.833]},"o":{"x":[0.167],"y":[0.167]},"t":103,"s":[0]},{"t":120,"s":[100]}],"ix":11},"r":{"a":0,"k":0,"ix":10},"p":{"a":0,"k":[50,0,0],"ix":2,"l":2},"a":{"a":0,"k":[960,540,0],"ix":1,"l":2},"s":{"a":0,"k":[100,100,100],"ix":6,"l":2}},"ao":0,"hasMask":true,"masksProperties":[{"inv":false,"mode":"a","pt":{"a":0,"k":{"i":[[1,-4.5],[0,0],[15.5,-0.5],[-1,-10.5],[-10.5,-0.5],[0,0],[-1,-6],[-7.5,1],[-0.5,11],[7.055,0.926]],"o":[[-1,4.5],[0,0],[-15.5,0.5],[0.569,5.973],[10.5,0.5],[0,0],[1.154,6.922],[6.443,-0.859],[0.591,-12.996],[-6.416,-0.842]],"v":[[1499.5,627],[1524.5,655],[1450,653.5],[1432.5,671],[1447.5,680.5],[1530.5,680],[1504,708],[1519.5,721.5],[1565.5,669.5],[1517.445,615.074]],"c":true},"ix":1},"o":{"a":0,"k":100,"ix":3},"x":{"a":0,"k":0,"ix":4},"nm":"Mask 1"}],"sw":1920,"sh":1080,"sc":"#34a853","ip":0,"op":121,"st":0,"bm":0},{"ddd":0,"ind":11,"ty":1,"nm":"Pale Turquoise Solid 1","parent":15,"sr":1,"ks":{"o":{"a":1,"k":[{"i":{"x":[0.833],"y":[0.833]},"o":{"x":[0.167],"y":[0.167]},"t":96,"s":[0]},{"t":113,"s":[100]}],"ix":11},"r":{"a":0,"k":0,"ix":10},"p":{"a":0,"k":[50,0,0],"ix":2,"l":2},"a":{"a":0,"k":[960,540,0],"ix":1,"l":2},"s":{"a":0,"k":[100,100,100],"ix":6,"l":2}},"ao":0,"hasMask":true,"masksProperties":[{"inv":false,"mode":"a","pt":{"a":0,"k":{"i":[[41.009,-0.506],[0,-35.514],[-36.511,-0.48],[0.955,31.501]],"o":[[-40.5,0.5],[0,31.5],[38,0.5],[-1,-33]],"v":[[1432,581.5],[1369,648],[1430.5,708],[1495.5,647]],"c":true},"ix":1},"o":{"a":0,"k":100,"ix":3},"x":{"a":0,"k":0,"ix":4},"nm":"Mask 1"}],"sw":1920,"sh":1080,"sc":"#e6f4ea","ip":0,"op":121,"st":0,"bm":0},{"ddd":0,"ind":12,"ty":1,"nm":"Medium Royal Blue Solid 1","parent":15,"sr":1,"ks":{"o":{"a":1,"k":[{"i":{"x":[0.833],"y":[0.833]},"o":{"x":[0.167],"y":[0.167]},"t":87,"s":[0]},{"t":104,"s":[100]}],"ix":11},"r":{"a":0,"k":0,"ix":10},"p":{"a":0,"k":[50,0,0],"ix":2,"l":2},"a":{"a":0,"k":[960,540,0],"ix":1,"l":2},"s":{"a":0,"k":[100,100,100],"ix":6,"l":2}},"ao":0,"hasMask":true,"masksProperties":[{"inv":false,"mode":"a","pt":{"a":0,"k":{"i":[[5.5,-5],[-4.5,-5],[-5.818,-5.675],[-2.751,2.751],[5.785,6.548],[3.126,2.961]],"o":[[-5.5,5],[3.087,3.43],[7.115,6.94],[2.566,-2.566],[-5.486,-6.21],[-4.75,-4.5]],"v":[[555,558],[561,572],[581.745,592.512],[593,597.25],[589.367,586.368],[570,566.25]],"c":true},"ix":1},"o":{"a":0,"k":100,"ix":3},"x":{"a":0,"k":0,"ix":4},"nm":"Mask 1"}],"sw":1920,"sh":1080,"sc":"#4285f4","ip":0,"op":121,"st":0,"bm":0},{"ddd":0,"ind":13,"ty":1,"nm":"Pale Royal Blue Solid 1","parent":15,"sr":1,"ks":{"o":{"a":1,"k":[{"i":{"x":[0.833],"y":[0.833]},"o":{"x":[0.167],"y":[0.167]},"t":84,"s":[0]},{"t":101,"s":[100]}],"ix":11},"r":{"a":0,"k":0,"ix":10},"p":{"a":0,"k":[50,0,0],"ix":2,"l":2},"a":{"a":0,"k":[960,540,0],"ix":1,"l":2},"s":{"a":0,"k":[100,100,100],"ix":6,"l":2}},"ao":0,"hasMask":true,"masksProperties":[{"inv":false,"mode":"a","pt":{"a":0,"k":{"i":[[24,0],[1,-27],[-26.5,0],[0,24]],"o":[[-23.005,0],[-0.944,25.502],[25.045,0],[0,-22.5]],"v":[[520,481.5],[475.5,525],[521,570.5],[564.5,525.5]],"c":true},"ix":1},"o":{"a":0,"k":100,"ix":3},"x":{"a":0,"k":0,"ix":4},"nm":"Mask 1"}],"sw":1920,"sh":1080,"sc":"#e8f0fe","ip":0,"op":121,"st":0,"bm":0},{"ddd":0,"ind":14,"ty":1,"nm":"Deep Turquoise Solid 1","parent":15,"sr":1,"ks":{"o":{"a":1,"k":[{"i":{"x":[0.833],"y":[0.833]},"o":{"x":[0.167],"y":[0.167]},"t":77,"s":[0]},{"t":94,"s":[100]}],"ix":11},"r":{"a":0,"k":0,"ix":10},"p":{"a":0,"k":[-1074.362,-22.75,0],"ix":2,"l":2},"a":{"a":0,"k":[627.75,517.25,0],"ix":1,"l":2},"s":{"a":0,"k":[100,100,100],"ix":6,"l":2}},"ao":0,"hasMask":true,"masksProperties":[{"inv":false,"mode":"a","pt":{"a":0,"k":{"i":[[0,0],[2.5,-12],[3,-11],[-2.5,-10],[0.5,13],[1,7],[2.5,2],[1.5,-8.5],[3,-12],[-2,-1],[-1,-0.5],[1.75,-29.5],[-1.409,-3.875],[-5,-5.5],[-3.5,4],[0,0],[-23.5,-5],[0,0],[9,44],[0,9.5],[4.5,15],[-1,7],[0,0],[-3,-16],[0,0],[-2,-2],[-3.5,1],[-2.5,-0.5],[2,8],[0,15.5],[1.5,8.5],[2.5,8],[6,2.5]],"o":[[0,0],[-2.5,12],[-3,11],[0.5,0.5],[-0.5,-13],[-1,-7],[-2.5,-2],[-1.5,8.5],[-3,12],[2,1],[1,0.5],[-2.313,38.983],[2,5.5],[5,5.5],[3.5,-4],[0,0],[23.5,5],[0,0],[-9,-44],[0,-9.5],[-4.5,-15],[1,-7],[0,0],[3,16],[0,0],[2,2],[3.5,-1],[2.5,0.5],[-2,-8],[0,-15.5],[-1.5,-8.5],[-2.5,-8],[-6,-2.5]],"v":[[634,335],[622.5,377.5],[609.5,426],[599.5,470.5],[587.5,445],[585,401],[590,342.5],[566.5,359],[558,430],[542.5,495],[558,490],[567,575],[564.5,666],[579,669],[613.5,695.5],[611,652.5],[639.5,693],[713,688],[666,590.5],[652,525],[651.5,459.5],[649.5,422.5],[653.5,406],[657.5,447],[662.5,477],[658.5,485],[671.5,487],[679,491.5],[686.5,483],[677,441],[677,405.5],[670.5,358],[659,342.5]],"c":true},"ix":1},"o":{"a":0,"k":100,"ix":3},"x":{"a":0,"k":0,"ix":4},"nm":"Mask 1"}],"sw":1920,"sh":1080,"sc":"#00ac48","ip":0,"op":121,"st":0,"bm":0},{"ddd":0,"ind":15,"ty":3,"nm":"Null","sr":1,"ks":{"o":{"a":0,"k":0,"ix":11},"r":{"a":0,"k":0,"ix":10},"p":{"a":1,"k":[{"i":{"x":0.27,"y":1},"o":{"x":0.665,"y":0},"t":37,"s":[3640,590,0],"to":[-446.667,0,0],"ti":[446.667,0,0]},{"t":120.0001953125,"s":[960,590,0]}],"ix":2,"l":2},"a":{"a":0,"k":[50,50,0],"ix":1,"l":2},"s":{"a":0,"k":[100,100,100],"ix":6,"l":2}},"ao":0,"ip":0,"op":121,"st":-3.2,"bm":0}],"markers":[]}